,,品目のオレンジは箱バラ,,,箱バラなし,,,,,,,,,,,,,,,,,,,,改定後,,,,,,,,,,,,,,,,,,,VDなし,,,,,,,,,,,,,,,,,,,,,,,,,,,
,,原価用,売価用,VD用,,,,,,箱バラ確認,,現行,,,,,,,,,,,,,,箱バラ用,,箱バラ用,,参考,,,,,,263除く,,,,,,,,,,,,,,,,,,51,,,,,,,,14,28,,,,,,,,
No.,新No.,品目CD,品目TEXT,注文番号,"品目+
FW荷姿",商品名,JAN,荷姿,キー,"JAN
確認","品目
確認","小売
価格
(税抜）",売価,仕切,粗利率,VD2,VD2始,VD2終,VD3,VD3始,VD3終,VD4,VD4始,VD4終,"小売
価格
(税抜)","小売
価格
(税抜)
換算",仕切,"仕切
換算",換算,"スライド
売価",粗利率,月販,"AS
換算
売価","ｱｽｸﾙ
ｽﾗｲﾄﾞ",粗利率,売価1,粗利率,粗利額,売価2,"売価2
粗利率","売価2
粗利額","定価
値上率","売価1
値上げ率","原価
値上率",VD2,VD2始,VD2終,VD3,VD3始,VD3終,VD4,VD4始,VD4終,カタログ,アスクル,FW入数,アスクル入数,税込,6月売価,7月売価,換算金額,倉庫,品目群,細分類,"6月
たの","7月
たの","たの
ｽﾗｲﾄﾞ","6月
カウ","7月
カウ","カウ
ｽﾗｲﾄﾞ",アスクル商品名
59,59,J524SB,J524SB,J524SB,J524SB5,ﾚｯｸ/ｼｰﾙはがし 50mL/H00511,4903320162938 ,5 ,,1 ,1 ,0,688,488,29.1%,-,,,,,,,,,0,0,537,537,,757,29.1%,0.5,742,816.5040984,34.2%,810,33.7%,273,,,,-,117.7%,110.0%,,,,,,,,,,0,UW32963,,,1個,742,742,742,4,8,6051065,-,-,-,1455,1455,1601.096311,レック シール剥がし フック剥がし 粘着テープ 449441 1個（直送品）
60,60,J1700Y,J1700Y,J1700Y,J1700Y5,ﾚｯｸ/強力ｼｰﾙ&ﾌｯｸはがし 45mL/H00512,4903320162945 ,5 ,,1 ,1 ,0,734,513,30.1%,-,,,,,,,,,0,0,565,565,,808,30.1%,0,809,891.0038986,36.6%,850,33.5%,285,,,,-,115.8%,110.1%,,,,,,,,,,0,EW59171,,,1個,809,809,809,4,8,6051065,-,-,-,800,800,881.0916179,レック 強力シール&フックはがし 泡タイプ H00512 1個
64,64,J4231R,J4231R,J4231R,J4231R5,ﾚｯｸ/ｱﾝﾊﾟﾝﾏﾝ はし 15cm ｷｯｽﾞ用/A00265,4903320163720 ,5 ,,1 ,1 ,0,274,196,28.5%,-,,,,,,,,,0,0,216,216,,302,28.5%,0,296,326.2040816,33.8%,325,33.5%,109,,,,-,118.6%,110.2%,,,,,,,,,,0,UW35663,,,1個,296,296,296,4,8,6209080,-,-,-,532,532,586.2857143,レック 箸 15cm アンパンマン 子ども用 竹 446214 1個（直送品）
62,62,J4229R,J4229R,J4229R,J4229R5,ﾚｯｸ/ｱﾝﾊﾟﾝﾏﾝ 抗菌 ｽﾌﾟｰﾝ ｷｯｽﾞ用/A00248,4903320163706 ,5 ,,1 ,1 ,0,359,257,28.4%,-,,,,,,,,,0,0,283,283,,395,28.4%,0.25,408,449.2762646,37.0%,428,33.9%,145,,,,-,119.2%,110.1%,,,,,,,,,,0,UK50801,,,1個,408,408,408,4,8,6209080,-,-,-,606,606,667.307393,ＡＮ抗菌スプーン アンパンマン すくいやすく飲みやすい 1個 レック
63,63,J4230R,J4230R,J4230R,J4230R5,ﾚｯｸ/ｱﾝﾊﾟﾝﾏﾝ 抗菌 ﾌｫｰｸ ｷｯｽﾞ用/A00249,4903320163713 ,5 ,,1 ,1 ,0,389,257,33.9%,-,,,,,,,,,0,0,283,283,,428,33.9%,0.25,408,449.2762646,37.0%,428,33.9%,145,,,,-,110.0%,110.1%,,,,,,,,,,0,UK50802,,,1個,408,408,408,4,8,6209080,-,-,-,606,606,667.307393,ＡＮ抗菌フォーク アンパンマン さしやすく食べやすい 1個 レック
95,95,J0225Y,J0225Y,J0225Y,J0225Y5,ﾚｯｸ/ｱﾝﾊﾟﾝﾏﾝ おぼえばし 15cm/T-279,4903320427907 ,5 ,,1 ,1 ,0,382,282,26.2%,-,,,,,,,,,0,0,312,312,,423,26.2%,2.5,591,653.8723404,52.3%,470,33.6%,158,,,,-,123.0%,110.6%,,,,,,,,,,0,HN86266,,,1個,591,591,591,4,8,6209080,-,-,-,833,833,921.6170213,レック トレーニング箸 持ちかた覚え箸 日本製 アンパンマン 15cm 右きき用 キャラクター 273448 1個（直送品）
61,61,J8602Y,J8602Y,J8602Y,J8602Y5,ﾚｯｸ/ｱﾝﾊﾟﾝﾏﾝ 抗菌 ｽﾗｲﾄﾞ式 3点ｾｯﾄ ｲｴﾛｰ,4903320163683 ,5 ,,1 ,1 ,0,1143,842,26.3%,-,,,,,,,,,0,0,927,927,,1258,26.3%,0.25,1258,1384.995249,33.1%,1380,32.8%,453,,,,-,120.7%,110.1%,,,,,,,,,,0,UK50800,,,1個,1258,1258,1258,4,8,6209080,-,-,-,1862,1862,2049.969121,ＡＮ抗菌スライド3点セット（Y）アンパンマン すくいやすいスプーン・つかみやすいはし・しっかりさせるフォーク 1個 レック
96,96,J20887,J20887,J20887,J208875,ﾆｯｺｰ/ﾁｬｯｸ付きﾎﾟﾘ袋 0.04×50×70mm 80枚/A-5,4904182843218 ,5 ,,1 ,1 ,0,123,77,37.4%,-,,,,,,,,,0,0,91,91,,145,37.2%,19,158.89,187.7790909,51.5%,145,37.2%,54,,,,-,117.9%,118.2%,,,,,,,,,,0,AKE6429,1,100,1箱（80枚/袋×100袋）,15889,15889,158.89,4,1,18051505,-,-,-,-,-,-,ニッコー A-5 チャック付きポリ袋 1箱(80枚/袋×100袋)（直送品）
97,97,J20888,J20888,J20888,J208885,ﾆｯｺｰ/ﾁｬｯｸ付きﾎﾟﾘ袋 0.04×70×100mm 50枚/C-5,4904182843232 ,5 ,,1 ,1 ,0,122,77,36.9%,-,,,,,,,,,0,0,91,91,,144,36.8%,5.25,145,171.3636364,46.9%,145,37.2%,54,,,,-,118.9%,118.2%,,,,,,,,,,0,UK42452,,,1パック（50枚入）,120,145,145,4,1,18051505,-,-,-,-,-,-,ニッコー チャック付 ポリ袋 7×10cm C-5 1パック(50枚入)（直送品）
98,98,J20889,J20889,J20889,J208895,ﾆｯｺｰ/ﾁｬｯｸ付きﾎﾟﾘ袋 0.04×85×120mm 40枚/D-5,4904182843249 ,5 ,,1 ,1 ,0,123,77,37.4%,-,,,,,,,,,0,0,91,91,,145,37.2%,3.75,145,171.3636364,46.9%,145,37.2%,54,,,,-,117.9%,118.2%,,,,,,,,,,0,UK42340,,,1パック（40枚入）,120,145,145,4,1,18051505,-,-,-,-,-,-,ニッコー チャック付 ポリ袋 8.5×12cm D-5 1パック(40枚入)（直送品）
99,99,J20890,J20890,J20890,J208905,ﾆｯｺｰ/ﾁｬｯｸ付きﾎﾟﾘ袋 0.04×100×140mm 30枚/E-5,4904182843256 ,5 ,,1 ,1 ,0,123,77,37.4%,-,,,,,,,,,0,0,91,91,,145,37.2%,2,145,171.3636364,46.9%,145,37.2%,54,,,,-,117.9%,118.2%,,,,,,,,,,0,UK42448,,,1パック（30枚入）,120,145,145,4,1,18051505,-,-,-,-,-,-,ニッコー チャック付 ポリ袋 10×14cm E-5 1パック(30枚入)（直送品）
100,100,J20891,J20891,J20891,J208915,ﾆｯｺｰ/ﾁｬｯｸ付きﾎﾟﾘ袋 0.04×120×170mm 25枚/F-5,4904182843263 ,5 ,,1 ,1 ,0,123,77,37.4%,-,,,,,,,,,0,0,91,91,,145,37.2%,1,145,171.3636364,46.9%,145,37.2%,54,,,,-,117.9%,118.2%,,,,,,,,,,0,UK42334,,,1パック（25枚入）,120,145,145,4,8,18051505,-,-,-,-,-,-,ニッコー チャック付 ポリ袋 12×17cm F-5 1パック(25枚入)（直送品）
101,101,J20892,J20892,J20892,J208925,ﾆｯｺｰ/ﾁｬｯｸ付きﾎﾟﾘ袋 0.04×140×200mm 20枚/G-5,4904182843270 ,5 ,,1 ,1 ,0,123,77,37.4%,-,,,,,,,,,0,0,91,91,,145,37.2%,2.5,145,171.3636364,46.9%,145,37.2%,54,,,,-,117.9%,118.2%,,,,,,,,,,0,UK42395,,,1パック（20枚入）,120,145,145,4,8,18051505,-,-,-,-,-,-,ニッコー チャック付 ポリ袋 14×20cm G-5 1パック(20枚入)（直送品）
102,102,J20885,J20885,J20885,J208855,ﾆｯｺｰ/ｽﾗｲﾀﾞｰ式ｼﾞｯﾊﾟｰM 45枚,4904182848718 ,5 ,,1 ,1 ,0,496,321,35.3%,-,,,,,,,,,0,0,366,366,,566,35.3%,4.5,652.7777778,744.2886812,50.8%,580,36.9%,214,,,,-,116.9%,114.0%,,,,,,,,,,0,AKE6309,1,36,1箱（45枚/袋×36袋）,23500,23500,652.7777778,4,1,18052005,-,-,-,-,-,-,ニッコー SZ-45 スライダー式ジッパー冷凍冷蔵保存パックM 1箱(45枚/袋×36袋)（直送品）
103,103,J20886,J20886,J20886,J208865,ﾆｯｺｰ/ﾊﾐﾝｸﾞﾊﾟｯｸBOXﾎﾟﾘ袋200枚,4904182850452 ,5 ,,1 ,1 ,0,324,206,36.4%,-,,,,,,,,,0,0,243,243,,382,36.4%,22.75,#VALUE!,-,-,357,31.9%,114,,,,-,110.2%,118.0%,,,,,,,,,,0,AWR8571,1,40,1ケース(200枚入×40),12120,-,#VALUE!,4,1,18052505,-,-,-,388,388,457.6893204,ニッコー ハミングパック BOXポリ袋(エンボス加工) ヨコ23×タテ34cm AT-2 1ケース(200枚入×40)（直送品）
105,105,J20894,J20894,J20894,J208945,ﾆｯｺｰ/ﾊﾐﾝｸﾞﾊﾟｯｸ 30L 100枚/A-30,4904182851268 ,5 ,,1 ,1 ,0,552,400,27.5%,-,,,,,,,,,0,0,476,476,,657,27.5%,5.75,1139.875,1356.45125,64.9%,710,33.0%,234,,,,-,128.6%,119.0%,,,,,,,,,,0,AKE6455,1,16,1箱（100枚/袋×16袋）,18238,18238,1139.875,4,1,18052505,-,-,-,-,-,-,ニッコー A-30 30Lポリ袋半透明 1箱(100枚/袋×16袋)（直送品）
104,104,J20893,J20893,J20893,J208935,ﾆｯｺｰ/ﾎﾟﾘ袋箱入200枚×3個ｾｯﾄ/AB-3-3,4904182850599 ,5 ,,1 ,1 ,0,1052,664,36.9%,-,,,,,,,,,0,0,775,775,,1228,36.9%,5.25,1406.5,1641.622741,52.8%,1250,38.0%,475,,,,-,118.8%,116.7%,,,,,,,,,,0,AKE6289,1,12,1箱（12セット）,16878,16878,1406.5,4,1,18052505,-,-,-,-,-,-,ニッコー AB-3-3 BOXポリ袋 (200枚/箱×3箱入)/セット 1箱(12セット)（直送品）
78,78,697169,697169,697169,6971695,ﾚｯｸ/ﾏｸﾞﾈｯﾄ輪ｺﾞﾑ掛け 500g/H-135,4903320253582 ,5 ,,1 ,1 ,0,284,167,41.2%,-,,,,,,,,,0,0,188,188,,320,41.3%,2.25,#VALUE!,-,-,320,41.3%,132,,,,-,112.7%,112.6%,,,,,,,,,,29/222,EN29631,1,5,1セット（5個）,1426,-,#VALUE!,4,1,19250565,257,257,289.3173653,-,-,-,レック マグネット輪ゴム掛け 補助板付き 500g H-135 1セット(5個)
83,83,J1701Y,J1701Y,J1701Y,J1701Y5,ﾚｯｸ/ﾏｸﾞﾈｯﾄﾂｰﾙﾌｯｸ(丸小) 2個入/H-362,4903320276208 ,5 ,,1 ,1 ,0,332,190,42.8%,-,,,,,,,,,0,0,210,210,,367,42.8%,8.5,330,364.7368421,42.4%,360,41.7%,150,,,,-,108.4%,110.5%,,,,,,,,,,0,EN29600,,,1パック（2個）,330,330,330,4,8,19250565,-,-,-,330,330,364.7368421,レック マグネットツールフック(丸小) 500g H-362 1パック(2個)
93,93,J9032X,J9032X,J9032X,J9032X5,ﾚｯｸ/ﾏｸﾞﾈｯﾄ用補助板 吸着ｼｰﾄ 2個入/O-266,4903320386600 ,5 ,,1 ,1 ,800,361,200,44.6%,-,,,,,,,,,0,0,221,221,,399,44.6%,3.5,350,386.75,42.9%,380,41.8%,159,,,,0.0%,105.3%,110.5%,,,,,,,,,,0,EN29654,,,1パック（2個）,350,350,350,4,8,19250565,-,-,-,433,433,478.465,レック マグネット用補助板(吸着シート) はがせる 跡が残らない 1kg O-266 1パック(2個)
23,23,J254SD,J254SD,J254SD,J254SD5,ﾚｯｸ/ﾏｸﾞﾈｯﾄﾂｰﾙﾌｯｸ (丸) 2個入 ﾎﾜｲﾄ/H00427,4903320162396 ,5 ,,1 ,1 ,0,548,318,42.0%,-,,,,,,,,,0,0,350,350,,603,42.0%,3.75,544,598.7421384,41.5%,598,41.5%,248,,,,-,109.1%,110.1%,,,,,,,,,,34/218,EW60815,,,1パック（2個）,544,544,544,4,1,19250565,-,-,-,544,544,598.7421384,レック マグネットツールフック（丸） ホワイト 耐荷重1kg H00427 1パック（2個）
28,28,J258SD,J258SD,J258SD,J258SD5,ﾚｯｸ/強力ﾏｸﾞﾈｯﾄﾂｰﾙﾌｯｸ (小) 2個入/H00414,4903320162471 ,5 ,,1 ,1 ,0,628,403,35.8%,-,,,,,,,,,0,0,444,444,,692,35.8%,0.5,680,749.1811414,40.7%,730,39.2%,286,,,,-,116.2%,110.2%,,,,,,,,,,0,EW60689,,,1パック（2個）,680,680,680,4,1,19250565,-,-,-,-,-,-,レック 強力マグネットツールフック（小） 耐荷重1kg H00414 1パック（2個）
34,34,J326SF,J326SF,J326SF,J326SF5,ﾚｯｸ/強力ﾏｸﾞﾈｯﾄﾌﾘｰﾌｯｸ 耐荷重2kg 2個入/H00418,4903320162532 ,5 ,,1 ,1 ,0,906,513,43.4%,-,,,,,,,,,0,0,565,565,,998,43.4%,0,891,981.3157895,42.4%,980,42.3%,415,,,,-,108.2%,110.1%,,,,,,,,,,0,EW60692,,,1パック（2個）,891,891,891,4,1,19250565,-,562,618.9668616,-,-,-,レック 強力マグネットフリーフック スイング式 耐荷重2kg H00418 1パック（2個）
40,40,J9027X,J9027X,J9027X,J9027X5,ﾚｯｸ/強力ﾏｸﾞﾈｯﾄﾊﾝｸﾞﾌｯｸ ﾒﾀﾙ 中/H00423,4903320162600 ,5 ,,1 ,1 ,0,684,513,25.0%,-,,,,,,,,,0,0,565,565,,753,25.0%,0.25,893,983.5185185,42.6%,980,42.3%,415,,,,-,143.3%,110.1%,,,,,,,,,,0,EW60703,,,1個,893,893,893,4,8,19250565,-,-,-,-,-,-,レック 強力マグネットハングフック メタル（中） スイング式 耐荷重3kg H00423 1個
32,32,J306MS,J306MS,J306MS,J306MS5,ﾚｯｸ/強力ﾏｸﾞﾈｯﾄﾊﾝｸﾞﾌｯｸ 2個入り/H00417,4903320162518 ,5 ,,1 ,1 ,0,719,500,30.5%,-,,,,,,,,,0,0,577,577,,830,30.5%,13.75,891,1028.214,43.9%,900,35.9%,323,,,,-,125.2%,115.4%,,,,,,,,,,34/218,EW60809,,,1パック（2個）,891,891,891,4,1,19250565,-,-,-,891,891,1028.214,レック 強力マグネットハングフック ホワイト スイング式 耐荷重2kg H00417 1パック（2個）
29,29,J259SD,J259SD,J259SD,J259SD5,ﾚｯｸ/強力ﾏｸﾞﾈｯﾄﾂｰﾙﾌｯｸ ﾜｲﾄﾞ 2個入/H00415,4903320162488 ,5 ,,1 ,1 ,0,744,525,29.4%,-,,,,,,,,,0,0,578,578,,819,29.4%,2.5,891,980.9485714,41.1%,970,40.4%,392,,,,-,130.4%,110.1%,,,,,,,,,,0,EW60694,,,1パック（2個）,891,891,891,4,1,19250565,-,-,-,891,891,980.9485714,レック 強力マグネットツールフックワイド 耐荷重2kg H00415 1パック（2個）
30,30,J260SD,J260SD,J260SD,J260SD5,ﾚｯｸ/強力ﾏｸﾞﾈｯﾄﾂｰﾙﾌｯｸ (丸) 2個入 ﾎﾜｲﾄ/H00416,4903320162495 ,5 ,,1 ,1 ,0,895,525,41.3%,-,,,,,,,,,0,0,578,578,,985,41.3%,1,891,980.9485714,41.1%,970,40.4%,392,,,,-,108.4%,110.1%,,,,,,,,,,0,EW60808,,,1パック（2個）,891,891,891,4,1,19250565,-,-,-,891,891,980.9485714,レック 強力マグネットツールフック（丸） ホワイト 耐荷重2kg H00416 1パック（2個）
31,31,J759WT,J759WT,J759WT,J759WT5,ﾚｯｸ/強力ﾏｸﾞﾈｯﾄﾂｰﾙﾌｯｸ 丸 ﾌﾞﾗｯｸ 2個入/H00416,4903320162501 ,5 ,,1 ,1 ,0,780,525,32.7%,-,,,,,,,,,0,0,578,578,,859,32.7%,0.5,891,980.9485714,41.1%,970,40.4%,392,,,,-,124.4%,110.1%,,,,,,,,,,0,EW60814,,,1パック（2個）,891,891,891,4,1,19250565,-,-,-,-,-,-,レック 強力マグネットツールフック（丸） ブラック 耐荷重2kg H00416 1パック（2個）
33,33,J760WT,J760WT,J760WT,J760WT5,ﾚｯｸ/強力ﾏｸﾞﾈｯﾄﾊﾝｸﾞﾌｯｸ ﾌﾞﾗｯｸ 2個入/H00417,4903320162525 ,5 ,,1 ,1 ,0,780,525,32.7%,-,,,,,,,,,0,0,578,578,,859,32.7%,1,891,980.9485714,41.1%,970,40.4%,392,,,,-,124.4%,110.1%,,,,,,,,,,0,EW60817,,,1パック（2個）,891,891,891,4,1,19250565,-,-,-,891,891,980.9485714,レック 強力マグネットハングフック ブラック スイング式 耐荷重2kg H00417 1パック（2個）
39,39,J9026X,J9026X,J9026X,J9026X5,ﾚｯｸ/強力ﾏｸﾞﾈｯﾄﾊﾝｸﾞﾌｯｸ ﾒﾀﾙ 小 2個入/H00422,4903320162594 ,5 ,,1 ,1 ,0,1009,561,44.4%,-,,,,,,,,,0,0,618,618,,1112,44.4%,1,982,1081.775401,42.9%,1080,42.8%,462,,,,-,107.0%,110.2%,,,,,,,,,,0,EW60706,,,1パック（2個）,982,982,982,4,8,19250565,-,-,-,982,982,1081.775401,レック 強力マグネットハングフック メタル（小） スイング式 耐荷重1.5kg H00422 1パック（2個）
24,24,J255SD,J255SD,J255SD,J255SD5,ﾚｯｸ/ﾏｸﾞﾈｯﾄﾂｰﾙﾌｯｸ (丸) 4個入 ﾎﾜｲﾄ/H00428,4903320162419 ,5 ,,1 ,1 ,0,997,586,41.2%,-,,,,,,,,,0,0,645,645,,1097,41.2%,5.25,982,1080.870307,40.3%,1080,40.3%,435,,,,-,108.3%,110.1%,,,,,,,,,,34/218,EW60693,,,1パック（4個）,982,982,982,4,1,19250565,635,635,698.9334471,982,982,1080.870307,レック マグネットツールフック（丸） ホワイト 耐荷重1kg H00428 1パック（4個）
35,35,J261SD,J261SD,J261SD,J261SD5,ﾚｯｸ/強力ﾏｸﾞﾈｯﾄﾌｯｸ (大) 1個入 ﾎﾜｲﾄ/H00419,4903320162549 ,5 ,,1 ,1 ,0,1007,586,41.8%,-,,,,,,,,,0,0,645,645,,1108,41.8%,0.5,984,1083.071672,40.4%,1080,40.3%,435,,,,-,107.2%,110.1%,,,,,,,,,,0,EW60820,,,1個,984,984,984,4,1,19250565,-,-,-,982,982,1080.870307,レック 強力マグネットフック（大） ホワイト 耐荷重4kg H00419 1個
36,36,J761WT,J761WT,J761WT,J761WT5,ﾚｯｸ/強力ﾏｸﾞﾈｯﾄﾌｯｸ 大 ﾌﾞﾗｯｸ 1個入/H00419,4903320162556 ,5 ,,1 ,1 ,0,880,586,33.4%,-,,,,,,,,,0,0,645,645,,969,33.4%,0,984,1083.071672,40.4%,1080,40.3%,435,,,,-,122.7%,110.1%,,,,,,,,,,0,EW60810,,,1個,984,984,984,4,1,19250565,-,-,-,982,982,1080.870307,レック 強力マグネットフック（大） ブラック 耐荷重4kg H00419 1個
37,37,J9024X,J9024X,J9024X,J9024X5,ﾚｯｸ/強力ﾏｸﾞﾈｯﾄﾌｯｸ 特大 ﾎﾜｲﾄ/H00420,4903320162563 ,5 ,,1 ,1 ,0,1366,805,41.1%,-,,,,,,,,,0,0,886,886,,1503,41.1%,0.25,1348,1483.637267,40.3%,1480,40.1%,594,,,,-,108.3%,110.1%,,,,,,,,,,0,EW60816,,,1個,1348,1348,1348,4,8,19250565,-,-,-,-,1280,1408.795031,レック 強力マグネットフック（特大） ホワイト 2段フック 耐荷重6kg H00420 1個
38,38,J9025X,J9025X,J9025X,J9025X5,ﾚｯｸ/強力ﾏｸﾞﾈｯﾄﾌｯｸ 特大 ﾌﾞﾗｯｸ/H00420,4903320162570 ,5 ,,1 ,1 ,0,1273,805,36.8%,-,,,,,,,,,0,0,886,886,,1401,36.8%,0,1346,1481.436025,40.2%,1480,40.1%,594,,,,-,116.3%,110.1%,,,,,,,,,,0,EW60821,,,1個,1346,1346,1346,4,8,19250565,-,-,-,-,-,-,レック 強力マグネットフック（特大） ブラック 2段フック 耐荷重6kg H00420 1個
68,68,932277,932277,932277,9322775,ﾚｯｸ/ﾍﾟﾀﾝﾌｯｸ 3個入/H-001,4903320240186 ,5 ,,1 ,1 ,0,213,130,39.0%,-,,,,,,,,,0,0,147,147,,241,39.0%,2.5,230,260.0769231,43.5%,250,41.2%,103,,,,-,117.4%,113.1%,,,,,,,,,,0,EN29597,,,1パック（3個）,230,230,230,4,1,19251010,286,-,-,286,-,-,レック 粘着ペタンフック 1.5kg H-001 1パック(3個)
77,77,932286,932286,932286,9322865,ﾚｯｸ/ｶﾚﾝﾀﾞ-ﾌｯｸ 5個入/H-123,4903320252387 ,5 ,,1 ,1 ,0,215,130,39.5%,-,,,,,,,,,0,0,147,147,,243,39.5%,4.25,264,298.5230769,50.8%,250,41.2%,103,,,,-,116.3%,113.1%,,,,,,,,,,0,7918561,,,1パック（5個）,264,264,264,4,1,19251010,-,-,-,313,313,353.9307692,レック　カレンダーフック　H-123　1パック（5個入）
69,69,J30559,J30559,J30559,J305595,ﾚｯｸ/ﾎｰﾑﾌｯｸ (中) 粘着ﾃｰﾌﾟ/H-003,4903320240384 ,5 ,,1 ,1 ,0,196,134,31.6%,-,,,,,,,,,0,0,148,148,,216,31.5%,0.25,240,265.0746269,44.2%,250,40.8%,102,,,,-,127.6%,110.4%,,,,,,,,,,0,EN29569,,,1パック（3個）,240,240,240,4,8,19251010,-,-,-,493,493,544.5074627,レック 粘着ホームフック 2kg H-003 1パック(3個)
79,79,J30565,J30565,J30565,J305655,ﾚｯｸ/ｶｰﾃﾝ ふさ掛け ﾎﾜｲﾄ 粘着ﾃｰﾌﾟ/H-139,4903320253988 ,5 ,,1 ,1 ,0,150,134,10.7%,-,,,,,,,,,0,0,148,148,,166,10.8%,0.75,264,291.5820896,49.2%,250,40.8%,102,,,,-,166.7%,110.4%,,,,,,,,,,0,EN29602,,,1パック（2個）,264,264,264,4,8,19251010,-,-,-,-,286,315.880597,レック 粘着カーテンふさ掛け ホワイト 1kg H-139 1パック(2個)
43,43,J232SD,J232SD,J232SD,J232SD5,ﾚｯｸ/粘着ﾌｯｸ 小 3個入 ﾎﾜｲﾄ/H00431,4903320162648 ,5 ,,1 ,1 ,0,224,141,37.1%,-,,,,,,,,,0,0,156,156,,248,37.1%,2,226,250.0425532,37.6%,250,37.6%,94,,,,-,111.6%,110.6%,,,,,,,,,,0,EW60819,,,1パック（3個）,226,226,226,4,1,19251010,-,-,-,226,226,250.0425532,レック 粘着フック（小） ホワイト 耐荷重1kg H00431 1パック（3個）
70,70,932279,932279,932279,9322795,ﾚｯｸ/ﾃﾞﾗｯｸｽ木目ﾌｯｸ 3個入/H-007,4903320240704 ,5 ,,1 ,1 ,0,236,155,34.3%,-,,,,,,,,,0,0,175,175,,266,34.2%,0.25,280,316.1290323,44.6%,280,37.5%,105,,,,-,118.6%,112.9%,,,,,,,,,,0,EN29615,,,1パック（3個）,280,280,280,4,8,19251010,-,-,-,471,471,531.7741935,レック 粘着木目フック 1.5kg H-007 1パック(3個)
82,82,932301,932301,932301,9323015,ﾚｯｸ/ﾊﾝｸﾞﾌｯｸ(ﾐﾆ) 4個入/H-334,4903320273481 ,5 ,,1 ,1 ,0,236,155,34.3%,-,,,,,,,,,0,0,175,175,,266,34.2%,1,280,316.1290323,44.6%,280,37.5%,105,,,,-,118.6%,112.9%,,,,,,,,,,0,EN29474,,,1パック（4個）,280,280,280,4,1,19251010,-,-,-,471,471,531.7741935,レック 粘着ハングフック スイング式 500g H-334 1パック(4個)
44,44,J9029X,J9029X,J9029X,J9029X5,ﾚｯｸ/粘着ﾌｯｸ 中 2個入 ﾎﾜｲﾄ/H00432,4903320162662 ,5 ,,1 ,1 ,0,257,176,31.5%,-,,,,,,,,,0,0,195,195,,285,31.6%,0,271,300.2556818,35.1%,300,35.0%,105,,,,-,116.7%,110.8%,,,,,,,,,,0,EW60696,,,1パック（2個）,271,271,271,4,8,19251010,-,-,-,490,490,542.8977273,レック 粘着フック（中） 耐荷重1.5kg H00432 1パック（2個）
45,45,J233SD,J233SD,J233SD,J233SD5,ﾚｯｸ/粘着ﾌｯｸ 大 2個入 ﾎﾜｲﾄ/H00433,4903320162679 ,5 ,,1 ,1 ,0,317,197,37.9%,-,,,,,,,,,0,0,218,218,,351,37.9%,2.25,317,350.7918782,37.9%,350,37.7%,132,,,,-,110.4%,110.7%,,,,,,,,,,0,EW60705,,,1パック（2個）,317,317,317,4,1,19251010,-,-,-,285,285,315.3807107,レック 粘着フック（大） 耐荷重2.5kg H00433 1パック（2個）
46,46,J995SC,J995SC,J995SC,J995SC5,ﾚｯｸ/粘着ﾂｰﾙﾌｯｸ 小 3個入/H00434,4903320162686 ,5 ,,1 ,1 ,0,259,197,23.9%,-,,,,,,,,,0,0,218,218,,287,24.0%,3.25,317,350.7918782,37.9%,350,37.7%,132,,,,-,135.1%,110.7%,,,,,,,,,,0,EW60699,,,1パック（3個）,317,317,317,4,8,19251010,-,-,-,508,508,562.1522843,レック 粘着ツールフック（小） 耐荷重1kg H00434 1パック（3個）
75,75,932283,932283,932283,9322835,ﾚｯｸ/自在ﾌｯｸ 2個入/H-097,4903320249783 ,5 ,,1 ,1 ,0,333,200,39.9%,-,,,,,,,,,0,0,226,226,,376,39.9%,5.75,360,406.8,44.4%,380,40.5%,154,,,,-,114.1%,113.0%,,,,,,,,,,0,EW60691,,,1パック（2個）,360,360,360,4,1,19251010,324,324,366.12,360,360,406.8,レック 粘着フリーフック スイング式 耐荷重2kg H-097 1パック（2個）
11,11,J9020X,J9020X,J9020X,J9020X5,ﾚｯｸ/強力吸着ｼｰﾄﾌｯｸ 小 2個入/H00470,4903320161894 ,5 ,,1 ,1 ,0,316,211,33.2%,-,,,,,,,,,0,0,233,233,,349,33.2%,0.5,363,400.8483412,41.9%,380,38.7%,147,,,,-,120.3%,110.4%,,,,,,,,,,0,EW59183,,,1パック（2個）,363,363,363,4,8,19251010,-,-,-,525,525,579.7393365,レック 強力吸着シートフック（小） はがせる 跡が残らない 耐荷重3kg H00470 1パック（2個）
66,66,J30626,J30626,J30626,J306265,ﾚｯｸ/強力 吸着ｼｰﾄ ﾂｰﾙ ﾌｯｸ (S)/H-702,4903320220201 ,5 ,,1 ,1 ,0,295,215,27.1%,-,,,,,,,,,0,0,238,238,,327,27.2%,0.5,400,442.7906977,46.3%,380,37.4%,142,,,,-,128.8%,110.7%,,,,,,,,,,0,1968557,,,1パック（2個）,400,400,400,4,8,19251010,-,-,-,568,568,628.7627907,レック 強力吸着シートツールフック（小） 耐荷重3kg H-702 1パック（2個）
1,1,J30580,J30580,J30580,J305805,ﾚｯｸ/粘着 ﾐﾆﾌｯｸ (10入)/H-427,4903320062788 ,5 ,,1 ,1 ,0,360,229,36.4%,-,,,,,,,,,0,0,253,253,,398,36.4%,2.25,351,387.7860262,34.8%,386,34.5%,133,,#DIV/0!,-253,-,107.2%,110.5%,-,-,-,,,,,,,0,EN29563,,,1パック（10個）,351,351,351,4,1,19251010,-,-,-,350,350,386.6812227,レック 粘着ミニフック 500g H-427 1パック（10個）
85,85,J1703Y,J1703Y,J1703Y,J1703Y5,ﾚｯｸ/粘着ﾊﾝｸﾞﾌｯｸ 8個入/H-601,4903320310186 ,5 ,,1 ,1 ,0,329,229,30.4%,-,,,,,,,,,0,0,253,253,,363,30.3%,0.25,430,475.0655022,46.7%,390,35.1%,137,,,,-,118.5%,110.5%,,,,,,,,,,0,EN29475,,,1パック（8個）,430,430,430,4,8,19251010,-,-,-,596,596,658.4628821,レック 粘着ハングフック スイング式 500g H-601 1パック（8個）
47,47,J234SD,J234SD,J234SD,J234SD5,ﾚｯｸ/粘着ﾂｰﾙﾌｯｸﾜｲﾄﾞ 大 3個入 ﾎﾜｲﾄ/H00437,4903320162716 ,5 ,,1 ,1 ,0,369,232,37.1%,-,,,,,,,,,0,0,256,256,,407,37.1%,2.5,362,399.4482759,35.9%,399,35.8%,143,,,,-,108.1%,110.3%,,,,,,,,,,0,EW60813,,,1パック（3個）,362,362,362,4,1,19251010,-,-,-,362,362,399.4482759,レック 粘着ツールフックワイド（大） ホワイト 耐荷重2kg H00437 1パック（3個）
48,48,J1697Y,J1697Y,J1697Y,J1697Y5,ﾚｯｸ/粘着ﾂｰﾙﾌｯｸﾜｲﾄﾞ(大) 3個入 ﾌﾞﾗｯｸ/H00437,4903320162723 ,5 ,,1 ,1 ,0,406,232,42.9%,-,,,,,,,,,0,0,256,256,,448,42.9%,0.25,362,399.4482759,35.9%,399,35.8%,143,,,,-,98.3%,110.3%,,,,,,,,,,0,EW60807,,,1パック（3個）,362,362,362,4,8,19251010,-,-,-,362,362,399.4482759,レック 粘着ツールフックワイド（大） ブラック 耐荷重2kg H00437 1パック（3個）
9,9,J244SD,J244SD,J244SD,J244SD5,ﾚｯｸ/はがせる粘着ﾊﾝｸﾞﾌｯｸ 3個入/H00461,4903320161801 ,5 ,,1 ,1 ,0,346,244,29.5%,-,,,,,,,,,0,0,269,269,,381,29.4%,0.5,453,499.4139344,46.1%,418,35.6%,149,,,,-,120.8%,110.2%,,,,,,,,,,0,EW60685,,,1パック（3個）,453,453,453,4,8,19251010,-,-,-,380,380,418.9344262,レック はがせる粘着ハングフック スイング式 耐荷重500g H00461 1パック（3個）
57,57,J242SD,J242SD,J242SD,J242SD5,ﾚｯｸ/粘着帽子ﾌｯｸ ｼｰﾙ付き 2個入/H00460,4903320162884 ,5 ,,1 ,1 ,0,345,268,22.3%,-,,,,,,,,,0,0,295,295,,380,22.4%,0,453,498.6380597,40.8%,460,35.9%,165,,,,-,133.3%,110.1%,,,,,,,,,,0,EW60707,,,1パック（2個）,453,453,453,4,8,19251010,-,-,-,584,584,642.8358209,レック 粘着帽子フック（シール付き） 2段フック 耐荷重3kg H00460 1パック（2個）
65,65,J65789,J65789,J65789,J657895,ﾚｯｸ/強力吸着ｼｰﾄﾂｰﾙﾌｯｸ M 2個入/H-701,4903320220102 ,5 ,,1 ,1 ,0,417,263,36.9%,-,,,,,,,,,0,0,296,296,,469,36.9%,9.5,470,528.973384,44.0%,490,39.6%,194,,,,-,117.5%,112.5%,,,,,,,,,,0,1968539,,,1パック（2個）,470,470,470,4,1,19251010,-,-,-,788,788,886.8745247,レック 強力吸着シートツールフック（大） 耐荷重5kg H-701 1パック（2個）
81,81,J243SD,J243SD,J243SD,J243SD5,ﾚｯｸ/粘着5連ﾂｰﾙﾌｯｸ 木ﾈｼﾞ付き/H-283,4903320268388 ,5 ,,1 ,1 ,0,415,274,34.0%,-,,,,,,,,,0,0,303,303,,459,34.0%,0.25,520,575.0364964,47.3%,490,38.2%,187,,,,-,118.1%,110.6%,,,,,,,,,,0,EN29476,,,1個,520,520,520,4,8,19251010,-,-,-,-,596,659.080292,レック 粘着5連ツールフック(木ネジ付き) 2kg(1本400g) H-283 1個
10,10,J322SF,J322SF,J322SF,J322SF5,ﾚｯｸ/はがせる粘着ｶﾚﾝﾀﾞｰﾌｯｸ 耐荷重500g 4個入/H00465,4903320161849 ,5 ,,1 ,1 ,0,461,281,39.0%,-,,,,,,,,,0,0,310,310,,509,39.1%,0.5,454,500.8540925,38.1%,500,38.0%,190,,,,-,108.5%,110.3%,,,,,,,,,,0,EW60712,,,1パック（4個）,454,454,454,4,1,19251010,-,-,-,784,784,864.911032,レック はがせる粘着カレンダーフック 耐荷重500g H00465 1パック（4個）
67,67,J9031X,J9031X,J9031X,J9031X5,ﾚｯｸ/強力吸着ｼｰﾄﾌｯｸ 大 2個入/H-703,4903320220300 ,5 ,,1 ,1 ,0,412,281,31.8%,-,,,,,,,,,0,0,310,310,,455,31.9%,1.25,400,441.2811388,29.8%,480,35.4%,170,,,,-,116.5%,110.3%,,,,,,,,,,0,EW59184,,,1パック（2個）,400,400,400,4,8,19251010,-,-,-,586,586,646.4768683,レック 強力吸着シートフック（大） はがせる 跡が残らない 耐荷重5kg H-703 1パック（2個）
3,3,932124,932124,932124,9321245,ﾚｯｸ/ｼﾝﾌﾟﾙｺｰﾄﾞ止め 40個/H-465,4903320066502 ,5 ,,1 ,1 ,0,453,278,38.6%,-,,,,,,,,,0,0,314,314,,512,38.7%,0.5,425,480.0359712,34.6%,480,34.6%,166,,,,-,106.0%,112.9%,,,,,,,,,,0,HN85449,,,1個,425,425,425,4,1,19251010,-,453,511.6618705,500,500,564.7482014,レック シンプルコード止め(40入り) 164976 1個
6,6,932143,932143,932143,9321435,ﾚｯｸ/ｽﾃﾝﾚｽﾌｯｸ ﾊﾝｸﾞ 2個/H-593,4903320079304 ,5 ,,1 ,1 ,0,453,278,38.6%,-,,,,,,,,,0,0,314,314,,512,38.7%,3.75,-,-,-,480,34.6%,166,,,,-,106.0%,112.9%,,,,,,,,,,0,-,,,-,-,-,-,4,1,19251010,-,-,-,500,500,564.7482014,-
49,49,J323SF,J323SF,J323SF,J323SF5,ﾚｯｸ/粘着ﾂ-ﾙﾌｯｸﾜｲﾄﾞ(大) 耐荷重2kg 6個入/H00438,4903320162730 ,5 ,,1 ,1 ,0,640,366,42.8%,-,,,,,,,,,0,0,403,403,,705,42.8%,6.25,636,700.295082,42.5%,698,42.3%,295,,,,-,109.1%,110.1%,,,,,,,,,,0,EW60701,,,1パック（6個）,636,636,636,4,1,19251010,-,-,-,635,635,699.1939891,レック 粘着ツールフックワイド（大） ホワイト 耐荷重2kg H00438 1パック（6個）
50,50,J235SD,J235SD,J235SD,J235SD5,ﾚｯｸ/粘着5連ﾌﾘｰﾌｯｸ 木ﾈｼﾞ付き 1個入/H00443,4903320162747 ,5 ,,1 ,1 ,0,906,561,38.1%,-,,,,,,,,,0,0,618,618,,998,38.1%,0.25,899,990.342246,37.6%,990,37.6%,372,,,,-,109.3%,110.2%,,,,,,,,,,0,EW59163,,,1個,899,899,899,4,8,19251010,-,-,-,1506,1506,1659.016043,レック 粘着5連フリーフック（木ネジ付き） 耐荷重2.5kg（1本500g） H00443 1個
15,15,J321SF,J321SF,J321SF,J321SF5,ﾚｯｸ/ﾋﾟﾝﾌｯｸ 4個入 耐荷重1kg ﾎﾜｲﾄ/H00402,4903320162303 ,5 ,,1 ,1 ,0,232,171,26.3%,-,,,,,,,,,0,0,189,189,,256,26.2%,0.25,317,350.3684211,46.1%,300,37.0%,111,,,,-,129.3%,110.5%,,,,,,,,,,0,EW59194,,,1パック（4個）,317,317,317,4,8,19251505,-,-,-,480,247,273,レック ピンフック ホワイト 耐荷重1kg H00402 1パック（4個）
20,20,J252SD,J252SD,J252SD,J252SD5,ﾚｯｸ/ﾀﾞﾌﾞﾙﾋﾟﾝﾌｯｸ 3個入/H00406,4903320162365 ,5 ,,1 ,1 ,0,317,176,44.5%,-,,,,,,,,,0,0,195,195,,351,44.4%,4,317,351.2215909,44.5%,340,42.6%,145,,,,-,107.3%,110.8%,,,,,,,,,,0,EW59169,,,1パック（3個）,317,317,317,4,1,19251505,-,-,-,493,493,546.2215909,レック ダブルピンフック 耐荷重2kg H00406 1パック（3個）
17,17,J251SD,J251SD,J251SD,J251SD5,ﾚｯｸ/ｶﾚﾝﾀﾞｰﾋﾟﾝﾌｯｸ 3個入/H00404,4903320162334 ,5 ,,1 ,1 ,0,317,197,37.9%,-,,,,,,,,,0,0,218,218,,351,37.9%,9.75,317,350.7918782,37.9%,350,37.7%,132,,,,-,110.4%,110.7%,,,,,,,,,,0,EW59166,,,1パック（3個）,317,317,317,4,1,19251505,-,-,-,508,508,562.1522843,レック カレンダーピンフック 耐荷重1.2kg H00404 1パック（3個）
21,21,J253SD,J253SD,J253SD,J253SD5,ﾚｯｸ/ﾄﾘﾌﾟﾙﾋﾟﾝﾌｯｸ 3個入/H00407,4903320162372 ,5 ,,1 ,1 ,0,369,232,37.1%,-,,,,,,,,,0,0,256,256,,407,37.1%,1.5,362,399.4482759,35.9%,398,35.7%,142,,,,-,107.9%,110.3%,,,,,,,,,,0,EW59180,,,1パック（3個）,362,362,362,4,8,19251505,-,-,-,555,555,612.4137931,レック トリプルピンフック 耐荷重3kg H00407 1パック（3個）
18,18,J9022X,J9022X,J9022X,J9022X5,ﾚｯｸ/穴の目立たないﾋﾟﾝﾌｯｸ ﾎﾜｲﾄ 3個入/H00405,4903320162341 ,5 ,,1 ,1 ,0,464,281,39.4%,-,,,,,,,,,0,0,310,310,,512,39.5%,1.75,454,500.8540925,38.1%,498,37.8%,188,,,,-,107.3%,110.3%,,,,,,,,,,0,EW59188,,,1パック（3個）,454,454,454,4,1,19251505,-,-,-,453,453,499.7508897,レック 穴の目立たないピンフック ホワイト 耐荷重2kg H00405 1パック（3個）
19,19,J9023X,J9023X,J9023X,J9023X5,ﾚｯｸ/穴の目立たないﾋﾟﾝﾌｯｸ ﾌﾞﾗｯｸ 3個入/H00405,4903320162358 ,5 ,,1 ,1 ,0,390,281,27.9%,-,,,,,,,,,0,0,310,310,,430,27.9%,0.25,454,500.8540925,38.1%,498,37.8%,188,,,,-,127.7%,110.3%,,,,,,,,,,0,EW59186,,,1パック（3個）,454,454,454,4,8,19251505,-,-,-,453,453,499.7508897,レック 穴の目立たないピンフック ブラック 耐荷重2kg H00405 1パック（3個）
58,58,J9030X,J9030X,J9030X,J9030X5,ﾚｯｸ/時計用ﾋﾟﾝﾌｯｸ 2個入/H00413,4903320162914 ,5 ,,1 ,1 ,0,513,293,42.9%,-,,,,,,,,,0,0,323,323,,566,42.9%,0.5,500,551.1945392,41.4%,550,41.3%,227,,,,-,107.2%,110.2%,,,,,,,,,,0,EW59159,,,1パック（2個）,500,500,500,4,8,19251505,-,-,-,798,798,879.7064846,レック 時計用ピンフック 耐荷重1.5kg H00413 1パック（2個）
16,16,J250SD,J250SD,J250SD,J250SD5,ﾚｯｸ/ﾋﾟﾝﾌｯｸ 10個入/H00403,4903320162327 ,5 ,,1 ,1 ,0,499,352,29.5%,-,,,,,,,,,0,0,388,388,,550,29.5%,1.25,635,699.9431818,44.6%,650,40.3%,262,,,,-,130.3%,110.2%,,,,,,,,,,0,EW59181,,,1パック（10個）,635,635,635,4,1,19251505,-,-,-,869,869,957.875,レック ピンフック ホワイト 耐荷重1kg H00403 1パック（10個）
92,92,932352,932352,932352,9323525,ﾚｯｸ/ﾚｯｸｽﾍﾟｱ吸盤5号/O-204,4903320380400 ,5 ,,1 ,1 ,0,143,85,40.6%,-,,,,,,,,,0,0,97,97,,163,40.5%,1,150,171.1764706,43.3%,170,42.9%,73,,,,-,118.9%,114.1%,,,,,,,,,,0,EN29499,,,1パック（2個）,150,150,150,4,1,19251515,-,-,-,189,189,215.6823529,レック レックスペア吸盤5号 補助板付き O-204 1パック(2個)
94,94,367845,367845,367845,3678455,ﾚｯｸ/吸盤用補助板/O-326,4903320392601 ,5 ,,1 ,1 ,0,209,131,37.3%,-,,,,,,,,,0,0,145,145,,231,37.2%,0.5,-,-,-,240,39.6%,95,,,,-,114.8%,110.7%,,,,,,,,,,0,EN29492,,,1パック（2個）,230,-,-,4,8,19251515,-,-,-,306,306,338.7022901,レック 吸盤用補助板(粘着) O-326 1パック(2個)
76,76,932284,932284,932284,9322845,ﾚｯｸ/ﾐﾆ吸盤ﾌｯｸ 2個入/H-099,4903320249981 ,5 ,,1 ,1 ,0,215,130,39.5%,-,,,,,,,,,0,0,147,147,,243,39.5%,2.25,230,260.0769231,43.5%,245,40.0%,98,,,,-,114.0%,113.1%,,,,,,,,,,0,EN29472,,,1パック（2個）,230,230,230,4,1,19251515,195,195,220.5,313,313,353.9307692,レック 吸盤ツールフック(ミニ) 500g H-099 1パック(2個)
90,90,J1704Y,J1704Y,J1704Y,J1704Y5,ﾚｯｸ/粘着ｼﾝﾌﾟﾙｺｰﾄﾞ止め(大) 6個入/H-675,4903320317505 ,5 ,,1 ,1 ,0,181,133,26.5%,-,,,,,,,,,0,0,147,147,,200,26.5%,2.25,264,291.7894737,49.6%,245,40.0%,98,,,,-,135.4%,110.5%,,,,,,,,,,0,EN29626,,,1パック（6個）,264,264,264,4,1,19251515,180,-,-,230,230,254.2105263,レック 粘着シンプルコード止め(大) H-675 1パック(6個)
80,80,932290,932290,932290,9322905,ﾚｯｸ/ｸﾘｱ吸盤ﾌｯｸ(大) 2個入/H-272,4903320267206 ,5 ,,1 ,1 ,0,236,155,34.3%,-,,,,,,,,,0,0,175,175,,266,34.2%,2.25,280,316.1290323,44.6%,290,39.7%,115,,,,-,122.9%,112.9%,,,,,,,,,,0,EW59177,,,1パック（2個）,280,280,280,4,1,19251515,-,-,-,344,344,388.3870968,レック 吸盤フック（大）補助板付き 耐荷重1kg H-272 1パック（2個）
12,12,J246SD,J246SD,J246SD,J246SD5,ﾚｯｸ/吸盤ﾌｯｸ 3個入/H00489,4903320162006 ,5 ,,1 ,1 ,0,317,183,42.3%,-,,,,,,,,,0,0,202,202,,350,42.3%,0.25,317,349.9125683,42.3%,340,40.6%,138,,,,-,107.3%,110.4%,,,,,,,,,,0,EW59170,,,1パック（3個）,317,317,317,4,1,19251515,-,-,-,499,499,550.8087432,レック 吸盤フック 耐荷重800g H00489 1パック（3個）
71,71,J30587,J30587,J30587,J305875,ﾚｯｸ/ﾊﾟｲﾌﾟ棚 ﾌｯｸ 丸ﾊﾟｲﾌﾟ用/H-029,4903320242982 ,5 ,,1 ,1 ,0,278,190,31.7%,-,,,,,,,,,0,0,210,210,,307,31.6%,0.5,350,386.8421053,45.7%,350,40.0%,140,,,,-,125.9%,110.5%,,,,,,,,,,0,EN29589,,,1パック（3個）,350,350,350,4,8,19251515,375,375,414.4736842,-,-,-,レック パイプ棚ツールフック クリップとしても使える 1kg H-029 1パック(3個)
72,72,J30584,J30584,J30584,J305845,ﾚｯｸ/金属 ｶﾓｲ掛け ｸｷﾞ/H-045,4903320244504 ,5 ,,1 ,1 ,0,245,190,22.4%,-,,,,,,,,,0,0,210,210,,271,22.5%,0,350,386.8421053,45.7%,350,40.0%,140,,,,-,142.9%,110.5%,,,,,,,,,,0,EN29595,,,1パック（2個）,350,350,350,4,8,19251515,-,-,-,577,577,637.7368421,レック 金属カモイ掛け ブロンズ仕上げ 1.5kg H-045 1パック(2個)
84,84,932306,932306,932306,9323065,ﾚｯｸ/ﾈｼﾞ止めｶﾓｲ掛け(ﾜｲﾄﾞ)/H-387,4903320278783 ,5 ,,1 ,1 ,0,262,196,25.2%,-,,,,,,,,,0,0,221,221,,295,25.1%,4.25,301,339.3928571,34.9%,338,34.6%,117,,,,-,129.0%,112.8%,,,,,,,,,,0,HN85425,,,1個,301,301,301,4,1,19251515,-,-,-,516,516,581.8163265,レック ネジ止めカモイ掛け(ワイド) 109388 1個
88,88,932317,932317,932317,9323175,ﾚｯｸ/ﾌﾟｯｼｭ式吸盤ﾌｯｸ(L)/H-669,4903320316980 ,5 ,,1 ,1 ,0,296,196,33.8%,-,,,,,,,,,0,0,221,221,,334,33.8%,6,370,417.1938776,47.0%,360,38.6%,139,,,,-,121.6%,112.8%,,,,,,,,,,0,EN29614,,,1個,370,370,370,4,1,19251515,-,-,-,350,350,394.6428571,レック プッシュ式吸盤フック(大) ボタンを押すと吸着力復活 5kg H-669 1個
73,73,932281,932281,932281,9322815,ﾚｯｸ/金属ｺ-ﾄ掛け 2個入/H-048,4903320244801 ,5 ,,1 ,1 ,0,256,200,21.9%,-,,,,,,,,,0,0,226,226,,289,21.8%,0.5,345.2,390.076,42.1%,350,35.4%,124,,,,-,136.7%,113.0%,,,,,,,,,,0,EN29567,2,10,1セット（10個,1726,1726,345.2,4,8,19251515,-,-,-,520,520,587.6,レック 金属コート掛け ブロンズ仕上げ 4kg H-048 1セット(10個:2個入×5)
54,54,J239SD,J239SD,J239SD,J239SD5,ﾚｯｸ/ﾚﾊﾞｰ式吸盤ﾂｰﾙﾌｯｸﾜｲﾄﾞ 中 1個入/H00477,4903320162808 ,5 ,,1 ,1 ,0,369,211,42.8%,-,,,,,,,,,0,0,233,233,,407,42.8%,4.25,362,399.7440758,41.7%,398,41.5%,165,,,,-,107.9%,110.4%,,,,,,,,,,34/220,EW59172,,,1個,362,362,362,4,1,19251515,-,-,-,362,362,399.7440758,レック レバー式吸盤ツールフックワイド（中） 耐荷重3kg H00477 1個
91,91,932325,932325,932325,9323255,ﾚｯｸ/広がるﾋﾟﾝﾌｯｸ(ｽﾃﾝ･S) 3個入/H-687,4903320318786 ,5 ,,1 ,1 ,0,337,212,37.1%,-,,,,,,,,,0,0,240,240,,382,37.2%,0.5,380,430.1886792,44.2%,400,40.0%,160,,,,-,118.7%,113.2%,,,,,,,,,,0,EN29652,,,1パック（3個）,380,380,380,4,1,19251515,-,-,-,561,561,635.0943396,レック 広がるピンフック ステンレス しっかり固定 4kg H-687 1パック(3個)
4,4,J9017X,J9017X,J9017X,J9017X5,ﾚｯｸ/ﾈｼﾞ止めﾌｯｸ ﾀﾞﾌﾞﾙ/H-551,4903320075184 ,5 ,,1 ,1 ,0,327,218,33.3%,-,,,,,,,,,0,0,241,241,,362,33.4%,0.25,361.6,399.7504587,39.7%,398,39.4%,157,,,,-,121.7%,110.6%,,,,,,,,,,0,EN29558,1,5,1セット（5個）,1808,1808,361.6,4,8,19251515,-,-,-,575,575,635.6651376,レック ネジ止めフック(ダブル) 7kg H-551 1セット(5個)
8,8,J9018X,J9018X,J9018X,J9018X5,ﾚｯｸ/粘着ﾐﾆﾌｯｸ ｽﾃﾝﾚｽ 5個入/H00448,4903320161726 ,5 ,,1 ,1 ,0,371,220,40.7%,-,,,,,,,,,0,0,242,242,,408,40.7%,0,363,399.3,39.4%,398,39.2%,156,,,,-,107.3%,110.0%,,,,,,,,,,0,EW60697,,,1パック（5個）,363,363,363,4,8,19251515,-,-,-,362,362,398.2,レック 粘着ミニフック ステンレス 耐荷重500g H00448 1パック（5個）
74,74,932282,932282,932282,9322825,ﾚｯｸ/金属ﾅｹﾞｼ掛け 2個入/H-049,4903320244900 ,5 ,,1 ,1 ,0,334,223,33.2%,-,,,,,,,,,0,0,252,252,,377,33.2%,0.25,340,384.2152466,34.4%,384,34.4%,132,,,,-,115.0%,113.0%,,,,,,,,,,0,HN85426,,,1個,340,340,340,4,8,19251515,-,-,-,559,559,631.6950673,レック フック 金属ナゲシ掛け 長押フック 2個入り 109245 1個（直送品）
2,2,J1702Y,J1702Y,J1702Y,J1702Y5,ﾚｯｸ/ｼﾘｺﾝﾎﾞﾝﾄﾞ ﾂｰﾙﾌｯｸ ﾜｲﾄﾞ 1個入/H-431,4903320063181 ,5 ,,1 ,1 ,0,276,229,17.0%,-,,,,,,,,,0,0,253,253,,305,17.0%,1.25,400,441.9213974,42.8%,400,36.8%,147,,,,-,144.9%,110.5%,,,,,,,,,,0,EW59178,,,1個,400,400,400,4,1,19251515,382,382,422.0349345,380,380,419.8253275,レック シリコンボンドツールフックワイド 耐荷重10kg H-431 1個
55,55,J240SD,J240SD,J240SD,J240SD5,ﾚｯｸ/ﾚﾊﾞｰ式吸盤ﾂｰﾙﾌｯｸﾜｲﾄﾞ 大 1個入 ﾎﾜｲﾄ/H00478,4903320162815 ,5 ,,1 ,1 ,0,410,247,39.8%,-,,,,,,,,,0,0,273,273,,453,39.7%,10.5,408,450.9473684,39.5%,450,39.3%,177,,,,-,109.8%,110.5%,,,,,,,,,,0,EW59189,,,1個,408,408,408,4,1,19251515,-,-,-,408,408,450.9473684,レック レバー式吸盤ツールフックワイド（大） ホワイト 耐荷重4.5kg H00478 1個
87,87,932315,932315,932315,9323155,ﾚｯｸ/あったﾒﾙﾄﾌｯｸ(ﾂｰﾙ) 3個入/H-662,4903320316287 ,5 ,,1 ,1 ,0,338,250,26.0%,-,,,,,,,,,0,0,282,282,,381,26.0%,2,450,507.6,44.4%,450,37.3%,168,,,,-,133.1%,112.8%,,,,,,,,,,0,EN29488,,,1パック（3個）,450,450,450,4,8,19251515,-,-,-,584,584,658.752,レック ホットメルトツールフックワイド 6kg H-662 1パック(3個)
22,22,J7624N,J7624N,J7624N,J7624N5,ﾚｯｸ/強力ﾋﾟﾝﾌｯｸ 耐荷重4kg 4個入/H00408,4903320162389 ,5 ,,1 ,1 ,0,464,281,39.4%,-,,,,,,,,,0,0,310,310,,512,39.5%,4.25,454,500.8540925,38.1%,460,32.6%,150,,,,-,99.1%,110.3%,,,,,,,,,,0,EW59162,,,1パック（4個）,454,454,454,4,1,19251515,-,-,-,608,418,461.13879,レック 強力ピンフック 耐荷重4kg H00408 1パック（4個）
89,89,932318,932318,932318,9323185,ﾚｯｸ/ﾌﾟｯｼｭ式吸盤ﾌｯｸ(S) 2個入/H-670,4903320317086 ,5 ,,1 ,1 ,0,453,278,38.6%,-,,,,,,,,,0,0,314,314,,512,38.7%,2.75,500,564.7482014,44.4%,520,39.6%,206,,,,-,114.8%,112.9%,,,,,,,,,,0,EN29611,,,1パック（2個）,500,500,500,4,1,19251515,-,-,-,-,-,-,レック プッシュ式吸盤フック(小) ボタンを押すと吸着力復活 3.5kg H-670 1パック(2個)
7,7,J0792Y,J0792Y,J0792Y,J0792Y5,ﾚｯｸ/おふろﾌｯｸ(ﾌﾟｯｼｭ式吸盤) S 2個入/BB-291,4903320109100 ,5 ,,1 ,1 ,0,422,285,32.5%,-,,,,,,,,,0,0,315,315,,466,32.4%,0.75,340,375.7894737,16.2%,500,37.0%,185,,,,-,118.5%,110.5%,,,,,,,,,,0,XN71524,,,1パック（2個入）,340,340,340,4,1,19251515,-,-,-,-,-,-,レック おふろフック（プッシュ式吸盤）S 1パック（2個入）
51,51,J236SD,J236SD,J236SD,J236SD5,ﾚｯｸ/ﾚﾊﾞｰ式吸盤ﾂｰﾙﾌｯｸ ﾐﾆ 3個入/H00474,4903320162761 ,5 ,,1 ,1 ,0,345,316,8.4%,-,,,,,,,,,0,0,348,348,,380,8.4%,0.25,500,550.6329114,36.8%,540,35.6%,192,,,,-,156.5%,110.1%,,,,,,,,,,0,EW59168,,,1パック（3個）,500,500,500,4,8,19251515,-,-,-,499,499,549.5316456,レック レバー式吸盤ツールフック（ミニ） 耐荷重1kg H00474 1パック（3個）
52,52,J237SD,J237SD,J237SD,J237SD5,ﾚｯｸ/ﾚﾊﾞｰ式吸盤ﾂｰﾙﾌｯｸ 小 2個入 ﾎﾜｲﾄ/H00475,4903320162778 ,5 ,,1 ,1 ,0,402,316,21.4%,-,,,,,,,,,0,0,348,348,,443,21.4%,0.5,500,550.6329114,36.8%,540,35.6%,192,,,,-,134.3%,110.1%,,,,,,,,,,0,EW59193,,,1パック（2個）,500,500,500,4,8,19251515,-,-,-,499,499,549.5316456,レック レバー式吸盤ツールフック（小） ホワイト 耐荷重2kg H00475 1パック（2個）
86,86,150051,150051,150051,1500515,ﾚｯｸ/強力ﾛｯｸﾋﾟﾝﾌｯｸ L 2個入 石こうﾎﾞｰﾄﾞ用/H-643,4903320314382 ,5 ,,1 ,1 ,700,508,343,32.5%,-,,,,,,,,,0,0,378,378,,560,32.5%,4,650,716.3265306,47.2%,610,38.0%,232,,,,0.0%,120.1%,110.2%,,,,,,,,,,0,EN29487,,,1パック（2個）,650,650,650,4,1,19251515,-,-,-,860,860,947.755102,レック 強力クロスピンフック(大) ぐらつきにくい 10kg H-643 1パック(2個)
41,41,J9028X,J9028X,J9028X,J9028X5,ﾚｯｸ/ｼﾞｪﾙ吸盤ﾂｰﾙﾌｯｸﾜｲﾄﾞ 中/H00482,4903320162624 ,5 ,,1 ,1 ,0,599,452,24.5%,-,,,,,,,,,0,0,498,498,,660,24.5%,0.25,800,881.4159292,43.5%,780,36.2%,282,,,,-,130.2%,110.2%,,,,,,,,,,0,EW59173,,,1個,800,800,800,4,8,19251515,-,-,-,975,975,1074.225664,レック ジェル吸盤ツールフックワイド（中） 強力密着 ザラザラ壁対応 耐荷重2kg H00482 1個
42,42,J231SD,J231SD,J231SD,J231SD5,ﾚｯｸ/ｼﾞｪﾙ吸盤ﾂｰﾙﾌｯｸﾜｲﾄﾞ 大 1個入/H00483,4903320162631 ,5 ,,1 ,1 ,0,666,513,23.0%,-,,,,,,,,,0,0,565,565,,734,23.0%,4.25,891,981.3157895,42.4%,900,37.2%,335,,,,-,135.1%,110.1%,,,,,,,,,,0,EW59174,,,1個,891,891,891,4,8,19251515,-,-,-,1486,1486,1636.62768,レック ジェル吸盤ツールフックワイド（大） 強力密着 ザラザラ壁対応 耐荷重3kg H00483 1個
53,53,J238SD,J238SD,J238SD,J238SD5,ﾚｯｸ/ﾚﾊﾞｰ式吸盤ﾂｰﾙﾌｯｸ 小 4個入/H00476,4903320162792 ,5 ,,1 ,1 ,0,906,561,38.1%,-,,,,,,,,,0,0,618,618,,998,38.1%,1.5,893,983.7326203,37.2%,980,36.9%,362,,,,-,108.2%,110.2%,,,,,,,,,,34/220,EW59165,,,1パック（4個）,893,893,893,4,1,19251515,-,-,-,891,891,981.5294118,レック レバー式吸盤ツールフック（小） ホワイト 耐荷重2kg H00476 1パック（4個）
56,56,J241SD,J241SD,J241SD,J241SD5,ﾚｯｸ/ﾚﾊﾞｰ式吸盤5連ﾌｯｸ 可動式 1個入/H00480,4903320162839 ,5 ,,1 ,1 ,0,1173,696,40.7%,-,,,,,,,,,0,0,766,766,,1291,40.7%,0.25,1164,1281.068966,40.2%,1280,40.2%,514,,,,-,109.1%,110.1%,,,,,,,,,,0,EW59182,,,1個,1164,1164,1164,4,8,19251515,817,817,899.1695402,1703,1703,1874.278736,レック レバー式吸盤5連フック（可動式） 耐荷重5kg（1本1kg） H00480 1個
25,25,J256SD,J256SD,J256SD,J256SD5,ﾚｯｸ/S字ﾌｯｸ (小) 6個入 ﾎﾜｲﾄ/H00501,4903320162433 ,5 ,,1 ,1 ,0,323,197,39.0%,-,,,,,,,,,0,0,218,218,,357,38.9%,2,317,350.7918782,37.9%,350,37.7%,132,,,,-,108.4%,110.7%,,,,,,,,,,0,EW59192,,,1パック（6個）,317,317,317,4,1,19251520,-,-,-,317,317,350.7918782,レック S字フック（小） ホワイト 耐荷重3kg H00501 1パック（6個）
26,26,J257SD,J257SD,J257SD,J257SD5,ﾚｯｸ/S字ﾌｯｸ (大) 4個入 ﾎﾜｲﾄ/H00502,4903320162457 ,5 ,,1 ,1 ,0,320,197,38.4%,-,,,,,,,,,0,0,218,218,,354,38.4%,5.75,317,350.7918782,37.9%,350,37.7%,132,,,,-,109.4%,110.7%,,,,,,,,,,0,EW59187,,,1パック（4個）,317,317,317,4,1,19251520,-,-,-,317,317,350.7918782,レック S字フック（大） ホワイト 耐荷重4kg H00502 1パック（4個）
27,27,J755WT,J755WT,J755WT,J755WT5,ﾚｯｸ/S字ﾌｯｸ 大 ﾌﾞﾗｯｸ 4個入/H00502,4903320162464 ,5 ,,1 ,1 ,0,290,197,32.1%,-,,,,,,,,,0,0,218,218,,321,32.1%,3,317,350.7918782,37.9%,350,37.7%,132,,,,-,120.7%,110.7%,,,,,,,,,,0,EW59185,,,1パック（4個）,317,317,317,4,1,19251520,-,-,-,317,317,350.7918782,レック S字フック（大） ブラック 耐荷重4kg H00502 1パック（4個）
5,5,932137,932137,932137,9321375,ﾚｯｸ/ｽﾃﾝS型ﾐﾆﾌｯｸ 12個/H-556,4903320075603 ,5 ,,1 ,1 ,0,445,273,38.7%,-,,,,,,,,,0,0,314,314,,512,38.7%,18.25,501,576.2417582,45.5%,520,39.6%,206,,,,-,116.9%,115.0%,,,,,,,,,,31/589,EN29478,,,1パック（12個）,501,501,501,4,1,19251520,-,-,-,500,500,575.0915751,レック S字フックステンレス(小) 5kg H-556 1パック(12個)
14,14,J248SD,J248SD,J248SD,J248SD5,ﾚｯｸ/S字ﾌｯｸｽﾃﾝﾚｽ (大) 6個入/H00505,4903320162143 ,5 ,,1 ,1 ,0,648,354,45.4%,-,,,,,,,,,0,0,390,390,,714,45.4%,14.75,640,705.0847458,44.7%,680,42.6%,290,,,,-,104.9%,110.2%,,,,,,,,,,0,EW59175,,,1パック（6個）,640,640,640,4,1,19251520,-,-,-,635,635,699.5762712,レック S字フックステンレス（大） 耐荷重9kg H00505 1パック（6個）
13,13,J247SD,J247SD,J247SD,J247SD5,ﾚｯｸ/S字ﾌｯｸｽﾃﾝﾚｽ (中) 8個入/H00504,4903320162136 ,5 ,,1 ,1 ,0,648,366,43.5%,-,,,,,,,,,0,0,403,403,,714,43.6%,6.25,640,704.6994536,42.8%,690,41.6%,287,,,,-,106.5%,110.1%,,,,,,,,,,0,EW59167,,,1パック（8個）,640,640,640,4,1,19251520,-,-,-,635,635,699.1939891,レック S字フックステンレス（中） 耐荷重7kg H00504 1パック（8個）
