開始日時,終了日時,滞在時間,状態,アプリケーション名,ウィンドウタイトル,AI作業解析内容
2026/07/27 09:21:48,2026/07/27 09:21:49,1秒,作業中,Antigravity IDE.exe,Antigravity IDE,ユーザーは、IT機器の管理、アプリ開発、および業務改善に関するタスクを記録・確認していました。
2026/07/27 09:21:49,2026/07/27 09:22:06,17秒,作業中,explorer.exe,,デスクトップ上でメモアプリ（OneNoteの可能性あり）を開き、サービス課や残作業、アプリの進捗状況などを確認・記録している。
2026/07/27 09:22:06,2026/07/27 09:22:12,5秒,作業中,chrome.exe,「髙山雄輔」からのメッセージを受信しました - Chat - Google Chrome,Google Chatで髙山雄輔氏からのIT業務進捗や課題報告を閲覧。
2026/07/27 09:22:12,2026/07/27 09:22:25,13秒,作業中,chrome.exe,ラップトップPC・モニターの見積もりについて - t_ito@forest.co.jp - フォーレスト株式会社 メール - Google Chrome,ラップトップPCやモニターなどのIT機器調達・トラブル対応に関する進捗報告メールを閲覧していました。
2026/07/27 09:22:25,2026/07/27 09:22:37,11秒,作業中,chrome.exe,「髙山雄輔」からのメッセージを受信しました - Chat - Google Chrome,「髙山雄輔」からのチャット通知を受けつつ、IT関連の作業進捗や未処理タスク、ビジネス案件の詳細を確認していた。
2026/07/27 09:22:37,2026/07/27 09:22:50,13秒,作業中,chrome.exe,ラップトップPC・モニターの見積もりについて - t_ito@forest.co.jp - フォーレスト株式会社 メール - Google Chrome,"ユーザーは「ラップトップPC・モニターの見積もり」関連のメールを開き、社内IT機器のトラブル対応、調達に関する稟議書や残作業の内容を確認しています。

**要約:**
社内PC・モニターの見積もりやIT関連の残作業についてメールを確認中。"
2026/07/27 09:22:50,2026/07/27 09:23:04,13秒,作業中,chrome.exe,「髙山雄輔」からのメッセージを受信しました - Chat - Google Chrome,アプリ「Chrome」でチャットのやり取りを行いながら、ネットワーク・PC手配・Web・アプリ開発など多岐にわたるIT関連業務の進捗を確認していた。
2026/07/27 09:23:04,2026/07/27 09:23:23,19秒,作業中,chrome.exe,フォーレスト株式会社 メール - Google Chrome,フォーレスト株式会社のメールを確認しつつ、多岐にわたる業務の進捗を記録・確認していました。
2026/07/27 09:23:23,2026/07/27 09:23:38,15秒,作業中,chrome.exe,ラップトップPC・モニターの見積もりについて - t_ito@forest.co.jp - フォーレスト株式会社 メール - Google Chrome,PC・モニターの見積もり関連メールでIT機器調達や業務進捗状況を確認。
2026/07/27 09:23:38,2026/07/27 09:24:08,29秒,作業中,chrome.exe,NW見積書 フォーレスト様ノートPC追加.pdf - Google Chrome,「NW見積書PDFで社内IT関連業務の進捗と残作業を確認。」
2026/07/27 09:24:08,2026/07/27 09:29:28,319秒,作業中,chrome.exe,ラップトップPC・モニターの見積もりについて - t_ito@forest.co.jp - フォーレスト株式会社 メール - Google Chrome,IT機器の調達・トラブル対応・社内システムの課題進捗をメモで確認
2026/07/27 09:29:28,2026/07/27 09:30:21,52秒,離席中,,,離席のため解析なし
2026/07/27 09:30:21,2026/07/27 09:30:27,6秒,作業中,chrome.exe,ラップトップPC・モニターの見積もりについて - t_ito@forest.co.jp - フォーレスト株式会社 メール - Google Chrome,PC・モニターの見積もりを確認し、社内IT機器調達や業務タスクの進捗をメモで管理していました。
2026/07/27 09:30:27,2026/07/27 09:30:45,18秒,作業中,explorer.exe,C:\Users\フォーレスト026\MyProject\tools\activity_logs - エクスプローラー,ITインフラ、Web関連、機器調達など、複数のIT関連業務の活動ログを閲覧・更新していました。
2026/07/27 09:30:45,2026/07/27 09:30:54,8秒,作業中,explorer.exe,C:\Users\フォーレスト026\Desktop\伊藤作業用 - エクスプローラー,デスクトップ上のメモでIT障害、機材購入、業務進捗などを確認・管理。
2026/07/27 09:30:54,2026/07/27 09:31:07,13秒,作業中,explorer.exe,C:\Users\フォーレスト026\Desktop\伊藤作業用\006.稟議書 - エクスプローラー,ITトラブル対応、機器購入、稟議案件を含む業務進捗を記録・管理。
2026/07/27 09:31:07,2026/07/27 09:43:44,756秒,作業中,EXCEL.EXE,"20250723_社長用 新品ノートPC・増設メモリ購入_④稟議書（システム関連,社長決裁）20260623.xlsx - Excel",Excelで社長用新品PC・増設メモリ購入に関するシステム関連稟議書を作業中。
2026/07/27 09:43:44,2026/07/27 09:43:53,9秒,作業中,explorer.exe,C:\Users\フォーレスト026\Desktop\伊藤作業用\006.稟議書\社長用ノートPC購入の件 - エクスプローラー,社長用PC購入を含むIT関連の稟議やタスクリストをファイル上で確認中。
2026/07/27 09:43:53,2026/07/27 09:44:06,13秒,作業中,explorer.exe,,IT関連の業務報告やタスクリスト、プロジェクトの進捗状況を記録・確認。
2026/07/27 09:44:06,2026/07/27 09:44:16,10秒,作業中,chrome.exe,NW見積書 フォーレスト様ノートPC追加.pdf - Google Chrome,Chromeで「NW見積書 フォーレスト様ノートPC追加.pdf」を確認しながら、PC・ネットワーク関連の業務状況をまとめたメモを管理していました。
2026/07/27 09:44:16,2026/07/27 09:45:17,60秒,作業中,EXCEL.EXE,"20250723_社長用 新品ノートPC・増設メモリ購入_④稟議書（システム関連,社長決裁）20260623.xlsx - Excel",システム関連のトラブル対応記録、IT機器の購入・増設に関する稟議書作成状況の管理と確認。
2026/07/27 09:45:17,2026/07/27 09:45:27,9秒,作業中,explorer.exe,,IT機器のトラブル対応、調達、アプリ開発等の業務日誌やタスクリストを確認していました。
2026/07/27 09:45:27,2026/07/27 09:45:38,11秒,作業中,chrome.exe,新しいタブ - Google Chrome,ユーザーはChromeで業務連絡・タスク管理のメモを閲覧し、内容を確認していました。
2026/07/27 09:45:38,2026/07/27 09:48:04,145秒,作業中,chrome.exe,Gemini - Google Chrome,ChromeのGeminiでアプリ完成に向けた課題や配布計画をチャットで確認していました。
2026/07/27 09:48:04,2026/07/27 09:48:23,18秒,作業中,EXCEL.EXE,"20250723_社長用 新品ノートPC・増設メモリ購入_④稟議書（システム関連,社長決裁）20260623.xlsx - Excel",社長決裁用の新品PC・増設メモリ購入稟議書を編集中。
2026/07/27 09:48:23,2026/07/27 09:49:35,72秒,作業中,chrome.exe,Gemini - Google Chrome,Geminiで情報収集やアシストを活用し、PCやシステム関連の業務作業を進めている。
2026/07/27 09:49:35,2026/07/27 09:49:46,10秒,作業中,EXCEL.EXE,"20250723_社長用 新品ノートPC・増設メモリ購入_④稟議書（システム関連,社長決裁）20260623.xlsx - Excel",ユーザーは、社長用の新しいノートPCと増設メモリの購入に関する稟議書を作成・確認しています。
2026/07/27 09:49:46,2026/07/27 09:51:39,112秒,作業中,chrome.exe,Gemini - Google Chrome,「Gemini」タブでIT関連の業務連絡やタスク進捗状況を閲覧していました。
2026/07/27 09:51:39,2026/07/27 09:51:51,12秒,作業中,EXCEL.EXE,"20250723_社長用 新品ノートPC・増設メモリ購入_④稟議書（システム関連,社長決裁）20260623.xlsx - Excel",アプリ「Excel.exe」で、社長用の新品ノートPCと増設メモリ購入に関するシステム関連の稟議書を作成していました。
2026/07/27 09:51:51,2026/07/27 09:52:01,9秒,作業中,SnippingTool.exe,Snipping Tool,PC購入に関する稟議書の見積詳細をSnipping Toolでキャプチャする作業。
2026/07/27 09:52:01,2026/07/27 09:52:27,26秒,作業中,chrome.exe,Gemini - Google Chrome,ChromeでノートPC2台購入の稟議書をレビューし、画面キャプチャしている。
2026/07/27 09:52:27,2026/07/27 09:52:43,16秒,作業中,Unknown,Unknown,新規PC2台購入とメモリ増設の稟議書を画面キャプチャしている。
2026/07/27 09:52:43,2026/07/27 09:54:58,134秒,作業中,Antigravity IDE.exe,Antigravity IDE,"アプリ「Antigravity IDE」は操作されていません。
PC購入申請書の内容を含む画面のスクリーンショットを撮影中です。"
2026/07/27 09:54:58,2026/07/27 09:55:48,49秒,作業中,chrome.exe,Gemini - Google Chrome,新規PC2台とメモリ増設の購入申請書を作成・検討。
2026/07/27 09:55:48,2026/07/27 09:56:29,41秒,作業中,EXCEL.EXE,"20250723_社長用 新品ノートPC・増設メモリ購入_④稟議書（システム関連,社長決裁）20260623.xlsx - Excel",社長・社員用の新品ノートPC2台購入とメモリ増設の稟議書を編集
2026/07/27 09:56:29,2026/07/27 09:56:39,9秒,作業中,chrome.exe,Gemini - Google Chrome,PC購入の稟議書作成のため、Geminiで情報収集しWeb画面をキャプチャしていました。
2026/07/27 09:56:39,2026/07/27 09:57:18,38秒,作業中,EXCEL.EXE,"20250723_社長用 新品ノートPC・増設メモリ購入_④稟議書（システム関連,社長決裁）20260623.xlsx - Excel",Excelで社長・社員用のノートPC買い替えとメモリ増設に関する稟議書の内容を確認していました。
2026/07/27 09:57:18,2026/07/27 09:57:28,9秒,作業中,chrome.exe,Gemini - Google Chrome,ユーザーはGoogle Chrome（Gemini）を操作しており、PC購入に関する稟議書の内容を検討・作成するとともに、社内チャットで業務連絡も行っています。
2026/07/27 09:57:28,2026/07/27 09:57:49,21秒,作業中,EXCEL.EXE,"20250723_社長用 新品ノートPC・増設メモリ購入_④稟議書（システム関連,社長決裁）20260623.xlsx - Excel",社長用・社員用ノートPC2台とメモリ増設の購入稟議書をExcelで確認していました。
2026/07/27 09:57:49,2026/07/27 09:57:56,6秒,作業中,chrome.exe,Gemini - Google Chrome,PCとメモリ購入の稟議書詳細を確認し、画面をキャプチャする作業を行っていました。
2026/07/27 09:57:56,2026/07/27 09:58:14,17秒,作業中,EXCEL.EXE,"20250723_社長用 新品ノートPC・増設メモリ購入_④稟議書（システム関連,社長決裁）20260623.xlsx - Excel",役員・社員用ノートPC2台とメモリ増設の購入稟議書をレビューまたは作成中。
2026/07/27 09:58:14,2026/07/27 09:58:29,15秒,作業中,chrome.exe,Gemini - Google Chrome,Google ChromeのGeminiで、ノートPC増設・新規購入に関する稟議書を閲覧・作成していました。
2026/07/27 09:58:29,2026/07/27 09:58:40,10秒,作業中,EXCEL.EXE,"20250723_社長用 新品ノートPC・増設メモリ購入_④稟議書（システム関連,社長決裁）20260623.xlsx - Excel",社長用PCと社員用PCの新規購入、メモリ増設の稟議書を確認。
2026/07/27 09:58:40,2026/07/27 09:58:52,12秒,作業中,chrome.exe,Gemini - Google Chrome,ITサポートログとPC購入申請書の画面をキャプチャし、Geminiで利用していました。
2026/07/27 09:58:52,2026/07/27 09:59:05,12秒,作業中,EXCEL.EXE,"20250723_社長用 新品ノートPC・増設メモリ購入_④稟議書（システム関連,社長決裁）20260623.xlsx - Excel",社長・社員用新品PC購入とメモリ増設の稟議書を作成中。
2026/07/27 09:59:05,2026/07/27 09:59:19,14秒,作業中,chrome.exe,Gemini - Google Chrome,従業員用のHP製ノートPC2台の新規購入に関する稟議書を作成しています。
2026/07/27 09:59:19,2026/07/27 09:59:30,11秒,作業中,EXCEL.EXE,"20250723_社長用 新品ノートPC・増設メモリ購入_④稟議書（システム関連,社長決裁）20260623.xlsx - Excel",社長と社員用の新品PC購入・メモリ増設の稟議書を編集していた。
2026/07/27 09:59:30,2026/07/27 09:59:45,15秒,作業中,chrome.exe,Gemini - Google Chrome,Google ChromeでAIアシスタントGeminiを利用している。
2026/07/27 09:59:45,2026/07/27 10:00:25,40秒,作業中,EXCEL.EXE,"20250723_社長用 新品ノートPC・増設メモリ購入_④稟議書（システム関連,社長決裁）20260623.xlsx - Excel",社長と社員用の新品PC2台購入とメモリ増設の稟議書を編集中。
2026/07/27 10:00:25,2026/07/27 10:00:40,14秒,作業中,chrome.exe,Gemini - Google Chrome,アプリ「Gemini」でITサポート案件の状況報告とPC購入の起案内容をレビューしていました。
2026/07/27 10:00:40,2026/07/27 10:00:51,10秒,作業中,EXCEL.EXE,"20250723_社長用 新品ノートPC・増設メモリ購入_④稟議書（システム関連,社長決裁）20260623.xlsx - Excel","AI解析エラー: 503 UNAVAILABLE. {'error': {'code': 503, 'message': 'This model is currently experiencing high demand. Spikes in demand are usually temporary. Please try again later.', 'status': 'UNAVAILABLE'}}"
2026/07/27 10:00:51,2026/07/27 10:00:55,4秒,作業中,EXCEL.EXE,,"AI解析エラー: 503 UNAVAILABLE. {'error': {'code': 503, 'message': 'This model is currently experiencing high demand. Spikes in demand are usually temporary. Please try again later.', 'status': 'UNAVAILABLE'}}"
2026/07/27 10:00:55,2026/07/27 10:01:01,6秒,作業中,EXCEL.EXE,"20250723_社長用 新品ノートPC・増設メモリ購入_④稟議書（システム関連,社長決裁）20260623.xlsx - Excel",社長・社員用の新品ノートPC2台と増設メモリの購入稟議書を編集していた。
2026/07/27 10:01:01,2026/07/27 10:01:12,10秒,作業中,chrome.exe,Gemini - Google Chrome,AIアシスタントGeminiでIT機器障害とPC更新計画に関する情報を整理・確認していた。
2026/07/27 10:01:12,2026/07/27 10:01:27,14秒,作業中,EXCEL.EXE,"20250723_社長用 新品ノートPC・増設メモリ購入_④稟議書（システム関連,社長決裁）20260623.xlsx - Excel",新品PC2台と増設メモリ購入の稟議書内容を確認し、画面キャプチャ作業を行っていた。
2026/07/27 10:01:27,2026/07/27 10:01:38,11秒,作業中,chrome.exe,Gemini - Google Chrome,AIアシスタントGeminiを用いてPC購入稟議書の内容確認と記録を行っていました。
2026/07/27 10:01:38,2026/07/27 10:02:34,55秒,作業中,EXCEL.EXE,"20250723_社長用 新品ノートPC・増設メモリ購入_④稟議書（システム関連,社長決裁）20260623.xlsx - Excel",ユーザーは、社長用と社員用の新品ノートPC2台と増設メモリの購入に関する稟議書を、Excelで編集・確認していました。
2026/07/27 10:02:34,2026/07/27 10:02:41,7秒,作業中,EXCEL.EXE,,ノートPC2台と増設メモリ購入の稟議申請書を作成中。
2026/07/27 10:02:41,2026/07/27 10:02:51,10秒,作業中,EXCEL.EXE,"20250723_社長用 新品ノートPC・増設メモリ購入_④稟議書（システム関連,社長決裁）20260623.xlsx - Excel",社長用新品ノートPCと増設メモリ購入の稟議書を作成・確認していました。
2026/07/27 10:02:51,2026/07/27 10:03:17,25秒,作業中,chrome.exe,Gemini - Google Chrome,PC購入の稟議書作成とIT関連タスクを管理し、AI（Gemini）で情報収集を並行して行っていた。
2026/07/27 10:03:17,2026/07/27 10:03:31,14秒,作業中,EXCEL.EXE,"20250723_社長用 新品ノートPC・増設メモリ購入_④稟議書（システム関連,社長決裁）20260623.xlsx - Excel",ユーザーは、社長用ノートPCと社員用PCの購入、およびメモリ増設に関する稟議書の内容を確認・検討しています。
2026/07/27 10:03:31,2026/07/27 10:05:31,119秒,作業中,chrome.exe,Gemini - Google Chrome,ユーザーは、社内PCの購入稟議書とIT関連の連絡事項を確認し、Snipping Toolで画面キャプチャを実施していました。
2026/07/27 10:09:15,2026/07/27 10:09:17,2秒,作業中,chrome.exe,Gemini - Google Chrome,Geminiを起動した状態でPC購入提案書をスクリーンショット撮影していました。
2026/07/27 10:09:17,2026/07/27 10:09:34,17秒,作業中,chrome.exe,新しいタブ - Google Chrome,ユーザーはChromeを起動しつつ、Snipping Toolを使って、業務連絡とPC購入の稟議書に関する画面をキャプチャしていました。
2026/07/27 10:09:34,2026/07/27 10:09:50,15秒,作業中,chrome.exe,Gemini - Google Chrome,アプリ「Gemini」上で、PC購入とメモリ増設に関する稟議書の内容を確認・検討していました。
2026/07/27 10:09:50,2026/07/27 10:10:02,11秒,作業中,explorer.exe,Program Manager,ファイル拡張子の変更を試み、その際に表示された警告ダイアログを操作していました。
2026/07/27 10:10:02,2026/07/27 10:10:17,14秒,作業中,explorer.exe,名前の変更,ユーザーは、サクラエディタで開いている「新規 テキスト ドキュメント.txt」というデフォルト名のファイルを、エクスプローラーで名称変更する作業を行っています。
2026/07/27 10:10:17,2026/07/27 10:10:31,14秒,作業中,sakura.exe,デスクトップ\新規 テキスト ドキュメント.txt - サクラエディタ32bit 2.4.2.6048  ,サクラエディタで、HP製ノートPC2台購入に関する稟議書を作成・編集していました。
2026/07/27 10:10:31,2026/07/27 10:10:40,8秒,作業中,explorer.exe,Program Manager,IT障害ログとPC購入稟議申請書の画面をキャプチャ中。
2026/07/27 10:10:40,2026/07/27 10:10:53,13秒,作業中,chrome.exe,稟議書 - Google Chrome,ユーザーはChromeブラウザで稟議書を閲覧し、その画面をSnipping Toolでキャプチャしようとしています。
2026/07/27 10:10:53,2026/07/27 10:11:13,19秒,作業中,EXCEL.EXE,"20250723_社長用 新品ノートPC・増設メモリ購入_④稟議書（システム関連,社長決裁）20260623.xlsx - Excel",新品ノートPC2台と増設メモリ購入の稟議書を作成・確認していました。
2026/07/27 10:11:13,2026/07/27 10:11:23,9秒,作業中,EXCEL.EXE,,社長用ノートPCの増設・交換と社員用PC新規購入の稟議書を作成している。
2026/07/27 10:11:23,2026/07/27 10:11:35,12秒,作業中,EXCEL.EXE,"20250723_社長用 新品ノートPC・増設メモリ購入_④稟議書（システム関連,社長決裁）20260623.xlsx - Excel",社長用・社員用ノートPC2台とメモリ増設の稟議書を編集。
2026/07/27 10:11:35,2026/07/27 10:11:45,9秒,作業中,EXCEL.EXE,,社長と社員向けのノートPC2台購入とメモリ増設の稟議書を作成中。
2026/07/27 10:11:45,2026/07/27 10:11:56,11秒,作業中,EXCEL.EXE,セルの書式設定,Excelで、PCの性能向上と老朽化対応のため、新規PC購入の稟議書を作成中。
2026/07/27 10:11:56,2026/07/27 10:12:07,11秒,作業中,EXCEL.EXE,"20250723_社長用 新品ノートPC・増設メモリ購入_④稟議書（システム関連,社長決裁）20260623.xlsx - Excel",社長用ノートPCと社員用PCの購入、メモリ増設に関する稟議書を編集していました。
2026/07/27 10:12:07,2026/07/27 10:12:20,12秒,作業中,EXCEL.EXE,,新しいノートPC2台購入とメモリ増設の稟議書をExcelで作成・確認していました。
2026/07/27 10:12:20,2026/07/27 10:12:39,19秒,作業中,EXCEL.EXE,"20250723_社長用 新品ノートPC・増設メモリ購入_④稟議書（システム関連,社長決裁）20260623.xlsx - Excel",社長用および社員用の新品ノートPC2台の購入と、1台のメモリ増設に関する稟議書を作成・編集していました。
2026/07/27 10:12:39,2026/07/27 10:12:46,7秒,作業中,EXCEL.EXE,,尾島社長と甘利社員用の新品ノートPC購入およびメモリ増設の稟議書を作成中。
2026/07/27 10:12:46,2026/07/27 10:14:21,95秒,作業中,EXCEL.EXE,"20250723_社長用 新品ノートPC・増設メモリ購入_④稟議書（システム関連,社長決裁）20260623.xlsx - Excel",ユーザーは、社長用と社員用の新品ノートPC2台、および増設メモリの購入に関する稟議書を作成・確認していました。
2026/07/27 10:14:21,2026/07/27 10:14:32,10秒,作業中,EXCEL.EXE,Microsoft Excel,OA用ノートPC2台の新規購入とメモリ増設に関する稟議書を作成中。
2026/07/27 10:14:32,2026/07/27 10:14:41,8秒,作業中,EXCEL.EXE,"20250723_社長用 新品ノートPC・増設メモリ購入_④稟議書（システム関連,社長決裁）20260623.xlsx - Excel",社長用の新品ノートPC2台と増設メモリ購入に関する稟議書の内容を編集・確認していました。
2026/07/27 10:14:41,2026/07/27 10:14:50,8秒,作業中,EXCEL.EXE,セルの書式設定,ExcelでPC購入とメモリ増設に関する稟議書を作成・確認し、その画面をキャプチャしている。
2026/07/27 10:14:50,2026/07/27 10:17:24,154秒,作業中,EXCEL.EXE,"20250723_社長用 新品ノートPC・増設メモリ購入_④稟議書（システム関連,社長決裁）20260623.xlsx - Excel",社長と甘利社員向けのノートPC2台購入とメモリ増設の稟議書を作成中。
2026/07/27 10:17:24,2026/07/27 10:17:33,9秒,作業中,chrome.exe,稟議書 - Google Chrome,Chromeで、尾島社長と甘利社員用のPC新規購入およびメモリ増設に関する稟議書の内容を確認していました。
2026/07/27 10:17:33,2026/07/27 10:17:50,16秒,作業中,EXCEL.EXE,"20250723_社長用 新品ノートPC・増設メモリ購入_④稟議書（システム関連,社長決裁）20260623.xlsx - Excel",社長・甘利社員向け新品ノートPC2台の購入とメモリ増設に関する稟議書を作成・確認していました。
2026/07/27 10:17:50,2026/07/27 10:17:56,6秒,作業中,chrome.exe,稟議書 - Google Chrome,ChromeブラウザでノートPC購入に関する稟議書の内容を確認し、その画面をキャプチャしていました。
2026/07/27 10:17:56,2026/07/27 10:18:09,12秒,作業中,EXCEL.EXE,"20250723_社長用 新品ノートPC・増設メモリ購入_④稟議書（システム関連,社長決裁）20260623.xlsx - Excel",ユーザーは、社長用ノートPCとメモリ増設に関する稟議書Excelファイルを作成・確認していました。
2026/07/27 10:18:09,2026/07/27 10:18:17,7秒,作業中,chrome.exe,稟議書 - Google Chrome,社長と社員用のノートPC2台購入に関する稟議書を作成・確認中。
2026/07/27 10:18:17,2026/07/27 10:18:36,18秒,作業中,EXCEL.EXE,"20250723_社長用 新品ノートPC・増設メモリ購入_④稟議書（システム関連,社長決裁）20260623.xlsx - Excel",Excelで社長用と社員用の新品ノートPCおよび増設メモリ購入に関する稟議書の内容を確認していました。
2026/07/27 10:18:36,2026/07/27 10:18:43,7秒,作業中,chrome.exe,稟議書 - Google Chrome,Chromeで社長・社員用の新規ノートPC2台（メモリ増設含む）購入の稟議書を確認中。
2026/07/27 10:18:43,2026/07/27 10:18:56,12秒,作業中,EXCEL.EXE,"20250723_社長用 新品ノートPC・増設メモリ購入_④稟議書（システム関連,社長決裁）20260623.xlsx - Excel",社長・社員用ノートPC2台購入とメモリ増設に関する稟議書を作成・確認していました。
2026/07/27 10:18:56,2026/07/27 10:19:06,10秒,作業中,chrome.exe,稟議書 - Google Chrome,PC購入に関する稟議書の内容を確認・作成し、スクリーンショットを撮っていた。
2026/07/27 10:19:06,2026/07/27 10:19:14,8秒,作業中,EXCEL.EXE,"20250723_社長用 新品ノートPC・増設メモリ購入_④稟議書（システム関連,社長決裁）20260623.xlsx - Excel",ユーザーは、社長と社員用のノートPC2台の新規購入およびメモリ増設に関する稟議書を作成・編集していました。
2026/07/27 10:19:14,2026/07/27 10:19:24,9秒,作業中,chrome.exe,稟議書 - Google Chrome,Google Chromeで、新品PC2台購入とメモリ増設に関する稟議書の内容を確認していました。
2026/07/27 10:19:24,2026/07/27 10:19:40,16秒,作業中,EXCEL.EXE,"20250723_社長用 新品ノートPC・増設メモリ購入_④稟議書（システム関連,社長決裁）20260623.xlsx - Excel",社長と社員用のノートPC新規購入とメモリ増設の稟議書を編集中。
2026/07/27 10:19:40,2026/07/27 10:19:50,9秒,作業中,chrome.exe,稟議書 - Google Chrome,ChromeでPC購入の稟議書を表示し、Snipping Toolで画面キャプチャを行っている。
2026/07/27 10:19:50,2026/07/27 10:19:56,5秒,作業中,EXCEL.EXE,"20250723_社長用 新品ノートPC・増設メモリ購入_④稟議書（システム関連,社長決裁）20260623.xlsx - Excel",社長と社員用の新品ノートPC購入およびメモリ増設に関する稟議書を作成・確認していました。
2026/07/27 10:19:56,2026/07/27 10:20:05,9秒,作業中,EXCEL.EXE,Microsoft Excel,"AI解析エラー: 503 UNAVAILABLE. {'error': {'code': 503, 'message': 'This model is currently experiencing high demand. Spikes in demand are usually temporary. Please try again later.', 'status': 'UNAVAILABLE'}}"
2026/07/27 10:20:05,2026/07/27 10:20:15,10秒,作業中,EXCEL.EXE,"20250723_社長用 新品ノートPC・増設メモリ購入_④稟議書（システム関連,社長決裁）20260623.xlsx - Excel",社長・社員用PC新規購入とメモリ増設に関する稟議書を編集。
2026/07/27 10:20:15,2026/07/27 10:20:29,13秒,作業中,chrome.exe,稟議書 - Google Chrome,Chromeで稟議書を閲覧し、Snipping Toolで画面キャプチャを試みている。
2026/07/27 10:20:29,2026/07/27 10:25:52,322秒,作業中,EXCEL.EXE,"20250723_社長用 新品ノートPC・増設メモリ購入_④稟議書（システム関連,社長決裁）20260623.xlsx - Excel",社長用と社員用の新品PC・増設メモリ購入の稟議書を作成中。
2026/07/27 10:25:52,2026/07/27 10:39:52,839秒,離席中,,,離席のため解析なし
2026/07/27 10:39:52,2026/07/27 10:39:53,1秒,作業中,Unknown,Unknown,新品ノートPC2台の購入とメモリ増設に関する稟議書を作成・確認していました。
2026/07/27 10:39:53,2026/07/27 10:40:04,11秒,作業中,EXCEL.EXE,"20250723_社長用 新品ノートPC・増設メモリ購入_④稟議書（システム関連,社長決裁）20260623.xlsx - Excel",Excelで社長用新品ノートPCと増設メモリ購入に関する稟議書を確認・編集していた。
2026/07/27 10:40:04,2026/07/27 10:40:11,6秒,作業中,EXCEL.EXE,Microsoft Excel,新品PC2台とメモリ増設に関する申請書をExcelで作成・確認していました。
2026/07/27 10:40:11,2026/07/27 10:40:23,11秒,作業中,EXCEL.EXE,"20250723_社長用 新品ノートPC・増設メモリ購入_④稟議書（システム関連,社長決裁）20260623.xlsx - Excel",新品ノートPC2台と増設メモリ購入の稟議書を作成中。
2026/07/27 10:40:23,2026/07/27 10:40:33,10秒,作業中,EXCEL.EXE,,Excelで尾島社長と甘利社員のPC購入稟議書を作成・確認しています。
2026/07/27 10:40:33,2026/07/27 10:40:40,6秒,作業中,EXCEL.EXE,挿入,新規PC購入と増設メモリに関する稟議書を画面キャプチャしていた。
2026/07/27 10:40:40,2026/07/27 10:40:52,12秒,作業中,EXCEL.EXE,"20250723_社長用 新品ノートPC・増設メモリ購入_④稟議書（システム関連,社長決裁）20260623.xlsx - Excel",社長と社員用の新品ノートPC・増設メモリ購入稟議書を編集していました。
2026/07/27 10:40:52,2026/07/27 10:41:02,10秒,作業中,EXCEL.EXE,削除,ユーザーは新規ノートPC2台の購入とメモリ増設に関する申請書をExcelで作成・確認していました。
2026/07/27 10:41:02,2026/07/27 10:41:11,8秒,作業中,EXCEL.EXE,"20250723_社長用 新品ノートPC・増設メモリ購入_④稟議書（システム関連,社長決裁）20260623.xlsx - Excel",新品ノートPC2台とメモリ増設の購入稟議書を閲覧・編集していました。
2026/07/27 10:41:11,2026/07/27 10:41:20,9秒,作業中,EXCEL.EXE,,新規PC2台購入とメモリ増設に関する稟議書の内容を確認・作成している。
2026/07/27 10:41:20,2026/07/27 10:41:32,12秒,作業中,EXCEL.EXE,"20250723_社長用 新品ノートPC・増設メモリ購入_④稟議書（システム関連,社長決裁）20260623.xlsx - Excel",社長と社員向けノートPC2台とメモリ増設の稟議書を編集・確認
2026/07/27 10:41:32,2026/07/27 10:41:42,9秒,作業中,EXCEL.EXE,,新しいノートPC2台の購入とメモリ増設に関する稟議書をExcelで作成・編集していました。
2026/07/27 10:41:42,2026/07/27 10:41:55,13秒,作業中,EXCEL.EXE,"20250723_社長用 新品ノートPC・増設メモリ購入_④稟議書（システム関連,社長決裁）20260623.xlsx - Excel",社長とマーケティング部社員向け新品ノートPC2台購入の稟議書作成・内容確認。
2026/07/27 10:41:55,2026/07/27 10:42:05,10秒,作業中,EXCEL.EXE,,ノートPC2台の新規購入と1台のメモリ増設に関する稟議書を作成していました。
2026/07/27 10:42:05,2026/07/27 10:42:14,8秒,作業中,EXCEL.EXE,"20250723_社長用 新品ノートPC・増設メモリ購入_④稟議書（システム関連,社長決裁）20260623.xlsx - Excel",Excelで「社長用 新品ノートPC・増設メモリ購入の稟議書」を閲覧し、内容を確認していました。
2026/07/27 10:42:14,2026/07/27 10:42:18,4秒,作業中,EXCEL.EXE,,会社用PC2台購入とメモリ増設に関する稟議書を作成中。
2026/07/27 10:42:18,2026/07/27 10:42:28,9秒,作業中,EXCEL.EXE,"20250723_社長用 新品ノートPC・増設メモリ購入_④稟議書（システム関連,社長決裁）20260623.xlsx - Excel",Excelで社長用の新品ノートPCと増設メモリ購入に関する稟議書を編集・確認していました。
2026/07/27 10:42:28,2026/07/27 10:42:34,5秒,作業中,EXCEL.EXE,,業務用のPC2台の新規購入とメモリ増設に関する稟議書をExcelで作成・確認している。
2026/07/27 10:42:34,2026/07/27 10:42:50,16秒,作業中,EXCEL.EXE,"20250723_社長用 新品ノートPC・増設メモリ購入_④稟議書（システム関連,社長決裁）20260623.xlsx - Excel",ユーザーは、社長用とマーケティング部用PCの購入およびメモリ増設に関する稟議書を作成・確認していました。
2026/07/27 10:42:50,2026/07/27 10:43:01,11秒,作業中,chrome.exe,稟議書 - Google Chrome,社長用・社員用のノートPC2台購入とメモリ増設の稟議書を確認。
2026/07/27 10:43:01,2026/07/27 10:43:30,28秒,作業中,EXCEL.EXE,"20250723_社長用 新品ノートPC・増設メモリ購入_④稟議書（システム関連,社長決裁）20260623.xlsx - Excel",Excelで新品ノートPCと増設メモリの購入稟議書を内容確認・編集していました。
2026/07/27 10:43:30,2026/07/27 10:43:37,6秒,作業中,EXCEL.EXE,,会社用PC2台の新規購入とメモリ増設に関する稟議書を作成していました。
2026/07/27 10:43:37,2026/07/27 10:43:44,7秒,作業中,EXCEL.EXE,"20250723_社長用 新品ノートPC・増設メモリ購入_④稟議書（システム関連,社長決裁）20260623.xlsx - Excel",ユーザーは「社長用の新品PCと増設メモリ、社員用PC購入の稟議書を作成・確認」していました。
2026/07/27 10:43:44,2026/07/27 10:43:54,9秒,作業中,chrome.exe,稟議書 - Google Chrome,Chromeで社内PCの新規購入とメモリ増設に関する稟議書を確認していた。
2026/07/27 10:43:54,2026/07/27 10:44:14,20秒,作業中,EXCEL.EXE,"20250723_社長用 新品ノートPC・増設メモリ購入_④稟議書（システム関連,社長決裁）20260623.xlsx - Excel",社長・社員用PCの新規購入とメモリ増設の稟議書を作成・編集していた。
2026/07/27 10:44:14,2026/07/27 10:44:24,9秒,作業中,EXCEL.EXE,,社長と社員向けのノートPC新規購入に関する稟議書を作成していました。
2026/07/27 10:44:24,2026/07/27 10:44:43,19秒,作業中,EXCEL.EXE,"20250723_社長用 新品ノートPC・増設メモリ購入_④稟議書（システム関連,社長決裁）20260623.xlsx - Excel",社長用新品ノートPCと増設メモリの購入稟議書を記入していた。
2026/07/27 10:44:43,2026/07/27 10:44:51,8秒,作業中,EXCEL.EXE,,社長と社員用の新品ノートPC2台の購入とメモリ増設に関する稟議書を作成しています。
2026/07/27 10:44:51,2026/07/27 10:45:01,10秒,作業中,EXCEL.EXE,"20250723_社長用 新品ノートPC・増設メモリ購入_④稟議書（システム関連,社長決裁）20260623.xlsx - Excel",社長用ノートPCと社員用PCの新品購入およびメモリ増設に関する稟議書を編集していました。
2026/07/27 10:45:01,2026/07/27 10:45:10,8秒,作業中,chrome.exe,稟議書 - Google Chrome,Google ChromeでPC購入・増設に関する稟議書の内容を確認している。
2026/07/27 10:45:10,2026/07/27 10:45:24,14秒,作業中,EXCEL.EXE,"20250723_社長用 新品ノートPC・増設メモリ購入_④稟議書（システム関連,社長決裁）20260623.xlsx - Excel",社長・社員用ノートPC2台購入とメモリ増設の稟議書を編集中。
2026/07/27 10:45:24,2026/07/27 10:45:35,10秒,作業中,EXCEL.EXE,,社員用ノートPC2台の購入と1台のメモリ増設に関する稟議書を作成している。
2026/07/27 10:45:35,2026/07/27 10:45:43,8秒,作業中,EXCEL.EXE,"20250723_社長用 新品ノートPC・増設メモリ購入_④稟議書（システム関連,社長決裁）20260623.xlsx - Excel",Excelで社長用ノートPCと社員用PCの購入、および増設メモリに関する稟議書の内容を確認・編集していました。
2026/07/27 10:45:43,2026/07/27 10:45:51,7秒,作業中,EXCEL.EXE,セルの書式設定,ExcelでPC購入申請書の項目を確認・編集し、セルの書式設定で表示形式を調整していました。
2026/07/27 10:45:51,2026/07/27 10:46:27,36秒,作業中,EXCEL.EXE,"20250723_社長用 新品ノートPC・増設メモリ購入_④稟議書（システム関連,社長決裁）20260623.xlsx - Excel",社長用PCと甘利社員用PCの新規購入・メモリ増設稟議書を作成していました。
2026/07/27 10:46:27,2026/07/27 10:46:34,7秒,作業中,EXCEL.EXE,,社長と社員用の新規PC購入・メモリ増設に関する稟議書を作成中。
2026/07/27 10:46:34,2026/07/27 10:46:48,13秒,作業中,EXCEL.EXE,"20250723_社長用 新品ノートPC・増設メモリ購入_④稟議書（システム関連,社長決裁）20260623.xlsx - Excel",社長・社員用PC購入とメモリ増設の稟議書を編集していた。
2026/07/27 10:46:48,2026/07/27 10:46:59,11秒,作業中,EXCEL.EXE,,ユーザーは、16万円超のHP製ノートPC2台とメモリ増設に関する稟議申請書を確認している。
2026/07/27 10:46:59,2026/07/27 10:47:10,10秒,作業中,EXCEL.EXE,セルの書式設定,PC購入・増設の稟議書作成中、見栄えを整えるためセルの書式設定を調整していた。
2026/07/27 10:47:10,2026/07/27 10:48:59,108秒,作業中,EXCEL.EXE,"20250723_社長用 新品ノートPC・増設メモリ購入_④稟議書（システム関連,社長決裁）20260623.xlsx - Excel",Excelで社長用新品ノートPCと増設メモリ、社員用PC購入の稟議書を作成・確認していました。
2026/07/27 10:48:59,2026/07/27 10:49:07,8秒,作業中,EXCEL.EXE,,PCの購入とメモリ増設に関する稟議書を表示し、その内容をキャプチャしている。
2026/07/27 10:49:07,2026/07/27 10:49:20,12秒,作業中,EXCEL.EXE,"20250723_社長用 新品ノートPC・増設メモリ購入_④稟議書（システム関連,社長決裁）20260623.xlsx - Excel",システム関連の新品PCと増設メモリ購入に関する社長決裁用稟議書を編集中。
2026/07/27 10:49:20,2026/07/27 10:49:30,10秒,作業中,chrome.exe,稟議書 - Google Chrome,IT関連の稟議書や残タスクの進捗状況を確認している。
2026/07/27 10:49:30,2026/07/27 10:49:45,14秒,作業中,Antigravity IDE.exe,Antigravity IDE,アプリ「Antigravity IDE」は起動されておらず、操作されていませんでした。
2026/07/27 10:49:45,2026/07/27 10:49:55,10秒,作業中,Acrobat.exe,"20250723_社長用 新品ノートPC・増設メモリ購入_④稟議書（システム関連,社長決裁）20260623.pdf - Adobe Acrobat Reader (64-bit)",ユーザーは、社長用の新品ノートPCとメモリ増設に関するシステム関連の稟議書PDFを閲覧しています。
2026/07/27 10:49:55,2026/07/27 10:50:04,9秒,作業中,explorer.exe,C:\Users\フォーレスト026\Desktop\伊藤作業用\006.稟議書\社長用ノートPC購入の件 - エクスプローラー,ユーザーはエクスプローラーから「社長用ノートPC購入の件」という稟議書のPDFファイルをPDF24アプリで開こうとしていました。
2026/07/27 10:50:04,2026/07/27 10:50:11,7秒,作業中,pdf24-Toolbox.exe,PDF24,ユーザーはPDFファイルを結合する作業を行っており、結合するファイルを選択するか、ドラッグ＆ドロップでアップロードしようとしています。
2026/07/27 10:50:11,2026/07/27 10:50:15,3秒,作業中,explorer.exe,C:\Users\フォーレスト026\Desktop\伊藤作業用\006.稟議書\社長用ノートPC購入の件 - エクスプローラー,ファイルエクスプローラーで「社長用ノートPC購入の件」の稟議書関連フォルダを操作していました。
2026/07/27 10:50:15,2026/07/27 10:50:24,8秒,作業中,explorer.exe,,PDF24 ToolboxでPDF結合機能を使用し、結合対象のPDFファイルを追加し確認していた。
2026/07/27 10:50:24,2026/07/27 10:50:31,7秒,作業中,chrome.exe,野崎→システム運営課ご質問 - Chat - Google Chrome,PDF24 Toolboxアプリで、PDFファイルを結合（マージ）する作業を進めていました。
2026/07/27 10:50:31,2026/07/27 10:50:41,9秒,作業中,Acrobat.exe,Adobe Acrobat Reader (64-bit),アプリ「PDF24 Toolbox」のPDF結合機能で、ファイルを1つ追加し結合準備中。
2026/07/27 10:50:41,2026/07/27 10:50:50,9秒,作業中,chrome.exe,GoogleWorkspace導入プロジェクト - Chat - Google Chrome,PDF24 Toolboxアプリで、複数のPDFファイルを結合する準備作業を行っていました。
2026/07/27 10:50:50,2026/07/27 10:50:59,8秒,作業中,explorer.exe,Downloads - エクスプローラー,ユーザーはDownloadsフォルダ内のPDFファイルを、PDF24 Toolboxの結合機能へ追加していました。
2026/07/27 10:50:59,2026/07/27 10:51:13,14秒,作業中,explorer.exe,C:\Users\フォーレスト026\Desktop\伊藤作業用\006.稟議書\社長用ノートPC購入の件 - エクスプローラー,PDF24 ToolboxでPDFファイルを結合し、結合完了したファイルを保存しようとしていた。
2026/07/27 10:51:13,2026/07/27 10:51:20,6秒,作業中,Acrobat.exe,,ユーザーはPDF24 Toolboxで複数のPDFファイルを結合する処理を完了し、生成されたファイルを保存しようとしていました。
2026/07/27 10:51:20,2026/07/27 10:51:28,8秒,作業中,EXCEL.EXE,"20250723_社長用 新品ノートPC・増設メモリ購入_④稟議書（システム関連,社長決裁）20260623.xlsx - Excel",PDF24ツールボックスでPDF結合作業を行い、その処理が完了した状態。
2026/07/27 10:51:28,2026/07/27 10:51:37,8秒,作業中,pdf24-Toolbox.exe,PDF24 Toolbox - PDF 結合,PDF24で結合されたPDFファイルを、指定のファイル名で保存しようとしています。
2026/07/27 10:51:37,2026/07/27 10:51:46,9秒,作業中,pdf24-Toolbox.exe,名前を付けて保存,PDF24の結合機能で作成されたPDFファイルを保存する作業。
2026/07/27 10:51:46,2026/07/27 10:51:56,9秒,作業中,pdf24-Toolbox.exe,PDF24 Toolbox - PDF 結合,アプリ「PDF24 Toolbox」のPDF結合機能を利用し、複数のPDFファイルの結合処理を完了した。
2026/07/27 10:51:56,2026/07/27 10:52:07,11秒,作業中,Acrobat.exe,,PDF24 ToolboxでPDF結合処理が完了し、生成されたファイルの保存または次工程を検討している。
2026/07/27 10:52:07,2026/07/27 10:52:36,28秒,作業中,Acrobat.exe,役員用PC刷新および故障代替端末調達の件.pdf - Adobe Acrobat Reader (64-bit),PDF24でPDF結合を終え、そのファイルをAcrobat Readerで確認中。
2026/07/27 10:52:36,2026/07/27 10:52:52,15秒,作業中,Acrobat.exe,Adobe Acrobat,PDFファイルを結合する作業を終え、保存画面を確認中。
2026/07/27 10:52:52,2026/07/27 10:53:09,17秒,作業中,msedge.exe,インフォメーション - My profile １ - Microsoft​ Edge,ユーザーはPDF24 Toolboxで「役員用PC刷新および故障代替端末調達の件.pdf」というPDFファイルの結合を行い、処理完了後。
2026/07/27 10:53:09,2026/07/27 10:53:13,3秒,作業中,msedge.exe,ワークフロー（送信一覧） - サイボウズ Office - My profile １ - Microsoft​ Edge,Microsoft EdgeでPDF24のPDF結合処理を完了し、生成されたPDFの保存画面を確認しています。
2026/07/27 10:53:13,2026/07/27 10:53:23,9秒,作業中,msedge.exe,申請データの詳細 - サイボウズ Office - My profile １ - Microsoft​ Edge,PDF24 ToolboxでPDF結合処理を行い、完了後の保存や続行アクションを検討していました。
2026/07/27 10:53:23,2026/07/27 10:53:39,16秒,作業中,msedge.exe,申請データの作成（内容の入力） - サイボウズ Office - My profile １ - Microsoft​ Edge,ユーザーはPDF24 Toolboxで、役員用PC刷新および故障代替端末調達に関するPDFファイルを結合・作成しました。
2026/07/27 10:53:39,2026/07/27 10:53:42,3秒,作業中,msedge.exe,申請の作成（経路の設定） - サイボウズ Office - My profile １ - Microsoft​ Edge,"添付されたスクリーンショットを分析すると、ユーザーは「PDF24 Toolbox - PDF 結合」というアプリケーションを使用しています。「あなたのジョブは処理されました。」というメッセージと、「役員用PC刷新および故障代替端末調達の件.pdf」というファイルが表示されており、PDF結合の処理が完了した状態です。

したがって、ユーザーが「具体的にどんな作業を行っていたか」は以下のように要約できます。

PDF24 Toolboxで「役員用PC刷新および故障代替端末調達の件」のPDF結合を完了。"
2026/07/27 10:53:42,2026/07/27 10:53:59,16秒,作業中,msedge.exe,申請の作成（内容の入力） - サイボウズ Office - My profile １ - Microsoft​ Edge,ユーザーは、PDF24 Toolboxを使って「役員用PC刷新および故障代替端末調達の件」のPDFを処理完了しました。
2026/07/27 10:53:59,2026/07/27 10:54:08,8秒,作業中,msedge.exe,申請の作成（内容の確認） - サイボウズ Office - My profile １ - Microsoft​ Edge,アプリ「PDF24 Toolbox」でPDFファイルの結合処理を完了し、保存などの操作を選択する画面を表示していました。
2026/07/27 10:54:08,2026/07/27 10:54:18,10秒,作業中,msedge.exe,ワークフロー（送信一覧） - サイボウズ Office - My profile １ - Microsoft​ Edge,PDF24 Toolboxで「役員用PC刷新および故障代替端末調達の件.pdf」の処理を完了し、結果を確認している。
2026/07/27 10:54:18,2026/07/27 10:54:22,3秒,作業中,EXCEL.EXE,,"添付されたスクリーンショットからは、ユーザーがPDF24ツールボックスでPDFの結合処理を完了し、その結果ファイル（約598KB）の保存や次の作業を選択している段階であることが分かります。

アプリ「EXCEL.EXE」が操作されているという記述とは異なり、画像ではPDF24ツールボックスがアクティブなアプリケーションとして表示されています。

**要約:**
PDF24でPDF結合が完了し、ファイル保存等の次作業を選択中。"
2026/07/27 10:54:22,2026/07/27 10:54:33,10秒,作業中,explorer.exe,C:\Users\フォーレスト026\Desktop\伊藤作業用\006.稟議書\社長用ノートPC購入の件 - エクスプローラー,PDF24で社長用PC購入関連のPDFファイルを結合処理し、完了した。
2026/07/27 10:54:33,2026/07/27 10:54:41,7秒,作業中,explorer.exe,C:\Users\フォーレスト026\MyProject\tools\activity_logs - エクスプローラー,ユーザーはPDF24 ToolboxでPDFファイルの結合を完了し、保存やメール送信などの次の操作を選択している。
2026/07/27 10:54:41,2026/07/27 10:55:12,31秒,作業中,EXCEL.EXE,activity_log_20260727.csv - Excel,PDF24 ToolboxでPDFファイルを結合し、処理後の結果を確認後、Excelで活動ログファイルを開いていました。
2026/07/27 10:55:12,2026/07/27 10:55:16,3秒,作業中,EXCEL.EXE,,"ユーザーはPDF24 ToolboxアプリでPDF結合処理を完了し、生成されたPDFファイル（役員用PC刷新に関する文書）の保存や次のアクションを検討しています。

**要約:** PDF24でPDF結合処理を終え、生成されたファイルを保存・確認中。"
2026/07/27 10:55:16,2026/07/27 10:55:26,9秒,作業中,explorer.exe,C:\Users\フォーレスト026\MyProject\tools\activity_logs - エクスプローラー,PDF24 ToolboxでPDFファイルの結合処理を完了し、生成ファイルの保存や次の作業を選択していました。
2026/07/27 10:55:26,2026/07/27 10:55:35,8秒,作業中,explorer.exe,Program Manager,ユーザーは「Forest Workflow App」のWeb設定とファイル管理作業を行っていました。
2026/07/27 10:55:35,2026/07/27 10:55:48,13秒,作業中,explorer.exe,,PDF24 ToolboxでPDFファイルを結合し、処理完了後の結果（ファイル名やサイズなど）を確認している。
2026/07/27 10:55:48,2026/07/27 10:55:57,8秒,作業中,chrome.exe,GoogleWorkspace導入プロジェクト - Chat - Google Chrome,ユーザーはPDF結合ツールで「役員用PC刷新および故障代替端末調達の件.pdf」というファイルを処理し、その後の保存やメール送信などの選択肢が表示されている状態です。
2026/07/27 10:55:57,2026/07/27 10:56:00,3秒,作業中,chrome.exe,野崎→システム運営課ご質問 - Chat - Google Chrome,PDF24アプリでPDF結合処理を終え、生成ファイルの保存・送信を検討している。
2026/07/27 10:56:00,2026/07/27 10:56:12,11秒,作業中,chrome.exe,無題 - Google Chrome,ユーザーはPDF24 Toolboxで「役員用PC刷新および故障代替端末調達の件.pdf」というファイルを結合し、処理完了後の画面で操作を選択していました。
2026/07/27 10:56:12,2026/07/27 10:56:42,29秒,作業中,chrome.exe,GWS完全移行PJT_タスク管理シート - Google スプレッドシート - Google Chrome,PDF24 ToolboxでPDFファイルの結合作業を行い、処理完了画面を確認していた。
2026/07/27 10:56:42,2026/07/27 10:56:48,6秒,作業中,chrome.exe,GoogleWorkspace導入プロジェクト - Chat - Google Chrome,ChromeのPDF24 ToolboxでPDFファイルを結合処理し、完了した結果を確認中。
2026/07/27 10:56:48,2026/07/27 10:56:58,10秒,作業中,chrome.exe,野崎→システム運営課ご質問 - Chat - Google Chrome,PDF24 ToolboxでPDFファイルの結合処理を完了させ、結果の保存や次のアクションを選択していました。
2026/07/27 10:56:58,2026/07/27 10:57:07,8秒,作業中,chrome.exe,GoogleWorkspace導入プロジェクト - Chat - Google Chrome,ユーザーは「役員用PC刷新および故障代替端末調達」に関するPDFファイルの結合を完了し、保存などの後続操作を選択していました。
2026/07/27 10:57:07,2026/07/27 10:57:16,8秒,作業中,chrome.exe,野崎→システム運営課ご質問 - Chat - Google Chrome,ChromeでPDF24ツールボックスを利用し、PDFの結合処理が完了した画面を表示・確認していた。
2026/07/27 10:57:16,2026/07/27 10:57:23,7秒,作業中,chrome.exe,"""システム運営課"" (7) - t_ito@forest.co.jp - フォーレスト株式会社 メール - Google Chrome",ユーザーはPDF結合ツールで「役員用PC刷新および故障代替端末調達の件.pdf」というファイルを処理し、保存やメール送信を検討している。
2026/07/27 10:57:23,2026/07/27 10:57:26,3秒,作業中,chrome.exe,GoogleWorkspace導入プロジェクト - Chat - Google Chrome,Chromeでウェブ上のPDF結合ツールを使い、複数のPDFファイルの結合処理が完了し、生成されたファイルを確認している。
2026/07/27 10:57:26,2026/07/27 10:57:32,6秒,作業中,chrome.exe,野崎→システム運営課ご質問 - Chat - Google Chrome,ChromeのPDF24 ToolboxでPDFファイルの結合処理を行い、完了後の結果画面を確認していました。
2026/07/27 10:57:32,2026/07/27 10:57:44,11秒,作業中,chrome.exe,"""システム部福岡開発室"" (30) - t_ito@forest.co.jp - フォーレスト株式会社 メール - Google Chrome",Google ChromeでPDFファイルを結合する作業をPDF24 Toolboxで完了し、保存を検討中。
2026/07/27 10:57:44,2026/07/27 10:57:51,7秒,作業中,chrome.exe,野崎→システム運営課ご質問 - Chat - Google Chrome,ChromeでPDF24 Toolboxを使い、PDFファイルの結合処理を完了させ、保存操作を行っています。
2026/07/27 10:57:51,2026/07/27 10:57:58,6秒,作業中,chrome.exe,"""システム部福岡開発室"" (30) - t_ito@forest.co.jp - フォーレスト株式会社 メール - Google Chrome",PDF24 ToolboxでPDF結合処理を完了させ、結合後のファイル情報確認や保存操作を検討していました。
2026/07/27 10:57:58,2026/07/27 10:58:22,23秒,作業中,Antigravity IDE.exe,Antigravity IDE,PDF24で複数のPDF結合処理が完了し、保存選択画面が表示されている。
2026/07/27 10:58:22,2026/07/27 10:58:32,10秒,作業中,explorer.exe,,ユーザーはPDF24 Toolboxでファイルを結合し、その結果のPDFを保存する作業を行っていました。
2026/07/27 10:58:32,2026/07/27 10:58:36,3秒,作業中,chrome.exe,モニターの見積もりをお願いいたします。 - t_ito@forest.co.jp - フォーレスト株式会社 メール - Google Chrome,PDF24 ToolboxでPDFファイルの結合処理を完了し、保存などの次の操作を選択しています。
2026/07/27 10:58:36,2026/07/27 10:58:42,6秒,作業中,chrome.exe,GoogleWorkspace導入プロジェクト - Chat - Google Chrome,ユーザーはPDF24 ToolboxでPDFファイルを結合し、処理が完了したファイルを確認している。
2026/07/27 10:58:42,2026/07/27 10:58:46,4秒,作業中,chrome.exe,野崎→システム運営課ご質問 - Chat - Google Chrome,ChromeブラウザでPDF24 Toolboxを使い、PDF結合処理後のファイルを保存、送信、または再開する作業を行っていた。
2026/07/27 10:58:46,2026/07/27 10:58:49,3秒,作業中,chrome.exe,モニターの見積もりをお願いいたします。 - t_ito@forest.co.jp - フォーレスト株式会社 メール - Google Chrome,ユーザーはPDF24 ToolboxでPDFファイルを結合し、処理が完了した状態を確認していました。
2026/07/27 10:58:49,2026/07/27 10:58:53,3秒,作業中,chrome.exe,野崎→システム運営課ご質問 - Chat - Google Chrome,役員用PC関連のPDFファイルを結合処理し、完了後の確認作業を行っていた。
2026/07/27 10:58:53,2026/07/27 10:59:08,15秒,作業中,chrome.exe,GoogleWorkspace導入プロジェクト - Chat - Google Chrome,ユーザーはChromeブラウザでPDFファイルを結合し、その結果のファイルを保存・共有する作業を行っていました。
2026/07/27 10:59:08,2026/07/27 10:59:12,3秒,作業中,chrome.exe,野崎→システム運営課ご質問 - Chat - Google Chrome,Google ChromeでPDF24 Toolboxを使用し、PDFファイルを結合する作業が完了した。
2026/07/27 10:59:12,2026/07/27 10:59:19,7秒,作業中,chrome.exe,GoogleWorkspace導入プロジェクト - Chat - Google Chrome,ChromeでPDF24 ToolboxのPDF結合作業を完了し、生成されたPDFを操作していました。
2026/07/27 10:59:19,2026/07/27 10:59:27,8秒,作業中,chrome.exe,野崎→システム運営課ご質問 - Chat - Google Chrome,ChromeのPDF24 ToolboxでPDFの結合処理を完了し、生成されたファイルの保存や送信などの次の操作を検討していました。
2026/07/27 10:59:27,2026/07/27 10:59:36,9秒,作業中,chrome.exe,設定 - t_ito@forest.co.jp - フォーレスト株式会社 メール - Google Chrome,ChromeブラウザでPDF24 Toolboxを使い、PDF結合処理を完了し、結合後のPDFを保存または共有する段階。
2026/07/27 10:59:36,2026/07/27 10:59:40,3秒,作業中,chrome.exe,野崎→システム運営課ご質問 - Chat - Google Chrome,ユーザーはPDF24 Toolboxを使ってPDFファイルの結合処理を完了させ、その結果のPDFファイル（「役員用PC刷新および故障代替端末調達の件.pdf」）を確認していました。
2026/07/27 10:59:40,2026/07/27 10:59:49,9秒,作業中,chrome.exe,設定 - t_ito@forest.co.jp - フォーレスト株式会社 メール - Google Chrome,ChromeでPDF24のサイトを使い、複数のPDFを結合する作業を行い、結合後のPDFを保存しようとしています。
2026/07/27 10:59:49,2026/07/27 10:59:53,3秒,作業中,chrome.exe,野崎→システム運営課ご質問 - Chat - Google Chrome,PDF結合ツールで文書処理を終え、完了したPDFの保存やメール送信などを検討中。
2026/07/27 10:59:53,2026/07/27 11:00:02,9秒,作業中,chrome.exe,GoogleWorkspace導入プロジェクト - Chat - Google Chrome,PDF24 ToolboxでPDFファイルの結合処理を完了し、結果ファイルを保存・確認しています。
2026/07/27 11:00:02,2026/07/27 11:00:11,8秒,作業中,chrome.exe,フォーレスト株式会社 メール - Google Chrome,「PDF24 Toolbox」でPDFファイルを結合し、処理完了後の保存画面を操作している。
2026/07/27 11:00:11,2026/07/27 11:00:24,13秒,作業中,chrome.exe,"受信トレイ (6,384) - t_ito@forest.co.jp - フォーレスト株式会社 メール - Google Chrome",PDF24でPDF結合処理を完了し、生成されたファイルの保存や共有を検討している。
2026/07/27 11:00:24,2026/07/27 11:00:37,12秒,作業中,chrome.exe,ラップトップPC・モニターの見積もりについて - t_ito@forest.co.jp - フォーレスト株式会社 メール - Google Chrome,PDF24で複数のPDFファイルを結合する作業を完了し、その結果を確認中。
2026/07/27 11:00:37,2026/07/27 11:00:47,10秒,作業中,chrome.exe,"""エディオン篠嵜様"" - t_ito@forest.co.jp - フォーレスト株式会社 メール - Google Chrome",PDF24 ToolboxでPDF結合処理を行い、結果のファイルを保存・確認している。
2026/07/27 11:00:47,2026/07/27 11:02:50,122秒,作業中,chrome.exe,スマホ 新規購入のお見積もりのお願い - t_ito@forest.co.jp - フォーレスト株式会社 メール - Google Chrome,PDF24ツールを使いPDFファイルを結合する処理を完了し、その保存を検討していた。
2026/07/27 11:02:50,2026/07/27 11:02:59,9秒,作業中,chrome.exe,フォーレスト株式会社 メール - Google Chrome,PDF24でPDF結合完了後、保存や次の操作を選択している。
2026/07/27 11:02:59,2026/07/27 11:03:49,49秒,作業中,chrome.exe,配送スマホの機種変更の件 - t_ito@forest.co.jp - フォーレスト株式会社 メール - Google Chrome,「PDF24」でPDF結合処理が完了し、その結果のファイルを保存・共有する段階。
2026/07/27 11:03:49,2026/07/27 11:03:58,9秒,作業中,chrome.exe,NW見積書 フォーレスト様ノートPC追加.pdf - Google Chrome,PDF24 ToolboxでPDFファイルを結合し、「役員用PC刷新および故障代替端末調達の件.pdf」の処理完了後の画面を確認していた。
2026/07/27 11:03:58,2026/07/27 11:04:06,7秒,作業中,chrome.exe,Gemini - Google Chrome,ChromeでPDF24 ToolboxのPDF結合機能を使用し、PDFファイルの結合・処理が完了し、結果を保存または確認しようとしている。
2026/07/27 11:04:06,2026/07/27 11:04:29,23秒,作業中,chrome.exe,Chat - Google Chrome,Chromeブラウザ上のPDF24 Toolboxで、PDFファイルを結合する処理が完了した状態。
2026/07/27 11:04:29,2026/07/27 11:04:34,4秒,作業中,chrome.exe,無題 - Google Chrome,Google ChromeでPDF24 Toolboxを使ってPDFを結合し、結合完了後のファイルを保存または次の作業に進むか検討中。
2026/07/27 11:04:34,2026/07/27 11:04:47,12秒,作業中,chrome.exe,GWS共有メールアドレスリスト - Google スプレッドシート - Google Chrome,PDF結合ツールでPDFファイルの結合を完了し、保存などの次操作を検討中。
2026/07/27 11:04:47,2026/07/27 11:04:52,5秒,作業中,chrome.exe,Chat - Google Chrome,ChromeでPDF24 Toolboxを利用し、PDFファイルの結合処理を行い、処理後のファイルを保存するかなどの操作を検討していました。
2026/07/27 11:04:52,2026/07/27 11:04:59,7秒,作業中,chrome.exe,配送スマホの機種変更の件 - Chat - Google Chrome,ユーザーはPDF24 ToolboxのウェブサイトでPDFを結合し、生成された「役員用PC刷新および故障代替端末調達の件.pdf」というファイルをダウンロードしようとしている。
2026/07/27 11:04:59,2026/07/27 11:05:05,5秒,作業中,chrome.exe,配送スマホの機種変更の件 - t_ito@forest.co.jp - フォーレスト株式会社 メール - Google Chrome,PDF24ツールでPDFファイルの結合処理を完了させ、結果ファイルの保存やメール送信、または次の作業を選択していました。
2026/07/27 11:05:05,2026/07/27 11:08:06,181秒,作業中,chrome.exe,スマホ 新規購入のお見積もりのお願い - t_ito@forest.co.jp - フォーレスト株式会社 メール - Google Chrome,PDF24 Toolboxで「役員用PC刷新～」PDFファイルの結合処理が完了し、結果を確認していた。
2026/07/27 11:08:06,2026/07/27 11:08:13,6秒,作業中,chrome.exe,GWS共有メールアドレスリスト - Google スプレッドシート - Google Chrome,PDF24 ToolboxでPDFの結合処理が完了し、生成ファイルを保存・共有する準備をしている。
2026/07/27 11:08:13,2026/07/27 11:09:23,69秒,作業中,chrome.exe,配送スマホの機種変更の件 - Chat - Google Chrome,Chrome上のPDF24結合ツールでPDFファイル処理を完了した。
2026/07/27 11:09:23,2026/07/27 11:09:43,19秒,作業中,chrome.exe,スマホ 新規購入のお見積もりのお願い - t_ito@forest.co.jp - フォーレスト株式会社 メール - Google Chrome,PDF24ツールボックスでPDF結合処理を終え、生成されたファイルの保存などの次の操作を選んでいた。
2026/07/27 11:09:43,2026/07/27 11:09:51,8秒,作業中,explorer.exe,Program Manager,PDF24 ToolboxでPDFファイルを結合し、処理結果を確認しています。
2026/07/27 11:09:51,2026/07/27 11:10:02,11秒,作業中,Antigravity IDE.exe,Antigravity IDE,PDF24 ToolboxでPDF結合作業を完了し、生成されたファイルの保存、メール送信、または次のステップに進むか再開するかを選択中。
2026/07/27 11:10:02,2026/07/27 11:10:06,3秒,作業中,explorer.exe,C:\Users\フォーレスト026\MyProject\tools\activity_logs - エクスプローラー,「PDF24」でPDF結合処理を完了し、その後のファイルの保存・確認を行っている。
2026/07/27 11:10:06,2026/07/27 11:15:08,301秒,作業中,EXCEL.EXE,activity_log_20260727.csv - Excel,Excelアプリは起動中ですが、その具体的な作業内容はスクリーンショットからは確認できません。
2026/07/27 11:15:08,2026/07/27 11:15:18,10秒,作業中,explorer.exe,C:\Users\フォーレスト026\MyProject\tools\activity_logs - エクスプローラー,PDF24で役員PC刷新関連PDFの結合処理を完了し、保存などの次操作を選択中。
2026/07/27 11:15:18,2026/07/27 11:17:08,109秒,作業中,Antigravity IDE.exe,Antigravity IDE,PDF24 ToolboxでPDF結合処理を行い、「役員用PC刷新および故障代替端末調達の件.pdf」の処理完了画面を確認している。
2026/07/27 11:17:08,2026/07/27 11:18:50,102秒,作業中,EXCEL.EXE,activity_log_20260727.csv - Excel,ユーザーはPDF結合ツールでPDFファイルを結合し、処理完了後の結果を確認している。Excelは起動中だが画面上では操作されていない。
2026/07/27 11:18:50,2026/07/27 11:21:56,185秒,作業中,Antigravity IDE.exe,Antigravity IDE,ユーザーはPDF24 Toolboxで「役員用PC刷新および故障代替端末調達の件」というPDFファイルの結合処理を完了し、結果ファイルを確認している。
2026/07/27 11:21:56,2026/07/27 11:22:21,24秒,作業中,EXCEL.EXE,activity_log_20260727.csv - Excel,「activity_log_20260727.csv」というExcelファイルを開いており、その内容を確認または編集していたようです。
2026/07/27 11:22:21,2026/07/27 11:22:32,10秒,作業中,EXCEL.EXE,,ユーザーは「PDF24 Toolbox」でPDF処理を完了し、生成されたファイルを確認・保存中。
