商品管理番号（商品URL）,商品名,SKU管理番号
rz0438,"【スーパーSALE★店内全品ポイント2倍★さらに2,000円クーポン発行中】アズツール アズツール粉石鹸(ピンク石鹸) APC-6",
rz0438,,rz0438
ry9593,"【スーパーSALE★店内全品ポイント2倍★さらに2,000円クーポン発行中】送料無料【お取り寄せ】アズワン ブチルゴム便器(エアーポンプ付) MO502-IIR",
ry9593,,ry9593
ry7285,"【スーパーSALE★店内全品ポイント2倍★さらに2,000円クーポン発行中】送料無料【お取り寄せ】アズワン カラーペール(キャスター付き)70L グレー CK-70 大型ごみ箱 キャスター付き",
ry7285,,ry7285
rw6630,"【スーパーSALE★店内全品ポイント2倍★さらに2,000円クーポン発行中】送料無料【お取り寄せ】アイオン ベルクリンモップ 450×1300mm MFM-S",
rw6630,,rw6630
rw3674,"【スーパーSALE★店内全品ポイント2倍★さらに2,000円クーポン発行中】ナカバヤシ ダイヤル式キーボックス 30個 NKB-D03 暗証番号 暗証番号鍵 鍵入れボックス 鍵保管庫 キーボックス 事務備品 医療 介護施設用家具 看護",
rw3674,,rw3674
rw3072,"【スーパーSALE★店内全品ポイント2倍★さらに2,000円クーポン発行中】【お取り寄せ】ナガイレーベン 一重四角巾 450×450mm Ad90100-544",
rw3072,,rw3072
rw2281,"【スーパーSALE★店内全品ポイント2倍★さらに2,000円クーポン発行中】【お取り寄せ】アズワン ブラシ 注射器用 中 245×25×60 1本入",
rw2281,,rw2281
rw2280,"【スーパーSALE★店内全品ポイント2倍★さらに2,000円クーポン発行中】【お取り寄せ】アズワン ブラシ 注射器用 小 195×21×40 1本入",
rw2280,,rw2280
rw1679,"【スーパーSALE★店内全品ポイント2倍★さらに2,000円クーポン発行中】【お取り寄せ】松本製器 カストシート 200×70mm用 No.21",
rw1679,,rw1679
rk4915,"【スーパーSALE★店内全品ポイント2倍★さらに2,000円クーポン発行中】送料無料【お取り寄せ】キングジム スタックバスケット ベージュ 15個 KSP002S-BE まとめ買い 箱買い 買いだめ 買い置き 業務用 収納家具 インテリア 収納",
rk4915,,rk4915
rd5597,"【スーパーSALE★店内全品ポイント2倍★さらに2,000円クーポン発行中】【メーカー直送】フジテックス PET製仕切りボード Sサイズ 1611204004【代引不可】【お客様組立】デスク周り 文具",
rd5597,,rd5597
rd5596,"【スーパーSALE★店内全品ポイント2倍★さらに2,000円クーポン発行中】【メーカー直送】フジテックス PET製仕切りボード Mサイズ 1611204005【代引不可】【お客様組立】デスク周り 文具",
rd5596,,rd5596
rd2639,"【スーパーSALE★店内全品ポイント2倍★さらに2,000円クーポン発行中】ソニック リアナティアラ アルロック筆入 両面スリム クラシック ネイビー 小学生 一年生 女の子 男の子 箱型 おしゃれ かわいい ペン立て ペンスタンド ペンケース デスクトップ収納 デスク周り 文具",
rd2639,,rd2639
r9344u,"【スーパーSALE★店内全品ポイント2倍★さらに2,000円クーポン発行中】【お取り寄せ】フーバー マイクロファイバーグローブ インサイドベルトモデル 黒 キャメル L ポリウレタン手袋 革手袋 合皮手袋 ＰＵ手袋 作業用手袋",
r9344u,,r9344u
r793gl,"【スーパーSALE★店内全品ポイント2倍★さらに2,000円クーポン発行中】スマートバリュー カラーペーパー A3 桃 500枚 A266J-7 まとめ買い 業務用 500 500枚 コピー用紙A3 a3コピー用紙 A3コピ-用紙 a3 カラー ピンク 事務用品 プリンター用紙 レーザープリンター用紙",
r793gl,,r793gl
r686gf,"【スーパーSALE★店内全品ポイント2倍★さらに2,000円クーポン発行中】送料無料 北越コーポレーション ニューファインカラー B4 クリーム 500枚×5冊 まとめ買い 業務用 箱売り 箱買い ケース買い Ｂ４サイズ イエロー系 黄 カラーコピー用紙",
r686gf,,r686gf
r679kb,"【スーパーSALE★店内全品ポイント2倍★さらに2,000円クーポン発行中】【メーカー直送】ライオン事務器 電動パンチ 2穴式 穿孔500枚 DP-500S 20170【代引不可】オートパワーパンチ 電動 パンチ 文具 事務",
r679kb,,r679kb
r676gf,"【スーパーSALE★店内全品ポイント2倍★さらに2,000円クーポン発行中】送料無料 北越コーポレーション ニューファインカラー A3 ライトクリーム 500枚×3冊 まとめ買い 業務用 箱売り 箱買い ケース買い A3用紙 a3 コピー用紙 A3コピー用紙 Ａ３サイズ イエロー系 黄",
r676gf,,r676gf
r65975,"【スーパーSALE★店内全品ポイント2倍★さらに2,000円クーポン発行中】【お取り寄せ】トンボ鉛筆 液体のり アクアピット 15本 HCA-311 工作のり 学校 スティックのり のり 接着剤 切る 貼る 留める 文具 事務",
r65975,,r65975
r63101,"【スーパーSALE★店内全品ポイント2倍★さらに2,000円クーポン発行中】【お取り寄せ】コクヨ スティックのり 四角 しっかり貼る S 20個 タ-G301N-1P かわいい おしゃれ 幼稚園 小学校 保育園 業務用 まとめ買い 大容量 工作のり 学校 スティックのり のり 接着剤 切る 貼る",
r63101,,r63101
r5113r,"【スーパーSALE★店内全品ポイント2倍★さらに2,000円クーポン発行中】【メーカー直送】コクヨ オフィスラウンジ エニーソファ 背なし アッシュターコイズ【代引不可】【組立・設置・送料無料】キャスター脚 カフェ ラウンジチェア ミーティングチェア オフィス家具",
r5113r,,r5113r
r5112r,"【スーパーSALE★店内全品ポイント2倍★さらに2,000円クーポン発行中】【メーカー直送】コクヨ オフィスラウンジ エニーソファ 背なし オリーブイエロー【代引不可】【組立・設置・送料無料】キャスター脚 カフェ ラウンジチェア ミーティングチェア オフィス家具",
r5112r,,r5112r
r4845e,"【スーパーSALE★店内全品ポイント2倍★さらに2,000円クーポン発行中】送料無料【お取り寄せ】システムポリマー 石灰石約25%を使用したエコポリ袋 30L 50枚*30 まとめ買い 箱買い 買いだめ 買い置き 業務用 半透明タイプ ゴミ袋 ゴミ箱 清掃",
r4845e,,r4845e
r429nr,"【スーパーSALE★店内全品ポイント2倍★さらに2,000円クーポン発行中】バンダイ ウルトラアクションフィギュアNEO ウルトラマンゼロコスモライズ フィギュア アクションフィギュア ホビー おもちゃ ゲーム 誕プレ",
r429nr,,r429nr
r340ks,"【スーパーSALE★店内全品ポイント2倍★さらに2,000円クーポン発行中】送料無料 デルモンテ リコピンリッチ トマト飲料 800mL×15本 ペットボトル 野菜ジュース 飲料 ジュース",
r340ks,,r340ks
r316mz,"【スーパーSALE★店内全品ポイント2倍★さらに2,000円クーポン発行中】サラヤ サラサイド除菌クロス 詰替タイプ 480枚×4個入 67-3075-17",
r316mz,,r316mz
r154my,"【スーパーSALE★店内全品ポイント2倍★さらに2,000円クーポン発行中】オオサキメディカル 検診用ロールシーツ NS3730 グリーン 120回 84135",
r154my,,r154my
r1121b,"【スーパーSALE★店内全品ポイント2倍★さらに2,000円クーポン発行中】【お取り寄せ】マグマックス マグマックス フットケア 2個入 フットケア バス ボディケア スキンケア",
r1121b,,r1121b
r1120b,"【スーパーSALE★店内全品ポイント2倍★さらに2,000円クーポン発行中】【お取り寄せ】マグマックス マグマックス インソール 女性用 2枚組 1足 フットケア バス ボディケア スキンケア",
r1120b,,r1120b
r1070m,"【スーパーSALE★店内全品ポイント2倍★さらに2,000円クーポン発行中】【お取り寄せ】エスコ タイヤブラシ グリップ付 120×120×100mm EA928AG-543",
r1070m,,r1070m
r087nv,"【スーパーSALE★店内全品ポイント2倍★さらに2,000円クーポン発行中】【メーカー直送】アール・エフ・ヤマカワ indice ブックエンド 5色セット RFBS-JP【代引不可】本立て ブックスタンド デスクトップ収納 デスク周り 文具",
r087nv,,r087nv
r0746b,"【スーパーSALE★店内全品ポイント2倍★さらに2,000円クーポン発行中】【お取り寄せ】オオサキメディカル 救急ガーゼ 大きめサイズ 15枚入",
r0746b,,r0746b
r0741b,"【スーパーSALE★店内全品ポイント2倍★さらに2,000円クーポン発行中】【お取り寄せ】サンメディカル カコー カットガーゼ滅菌 M 100枚",
r0741b,,r0741b
r0740b,"【スーパーSALE★店内全品ポイント2倍★さらに2,000円クーポン発行中】【お取り寄せ】サンメディカル カコー カットガーゼ滅菌 L 100枚",
r0740b,,r0740b
r073nv,"【スーパーSALE★店内全品ポイント2倍★さらに2,000円クーポン発行中】タカラトミー トイ・ストーリー5 リアルサイズトーキングフィギュア ハイテク版 バズ・ライトイヤー フィギュア アクションフィギュア ホビー おもちゃ ゲーム 誕プレ",
r073nv,,r073nv
r0251t,"【スーパーSALE★店内全品ポイント2倍★さらに2,000円クーポン発行中】【お取り寄せ】富士手袋 合皮手袋 ブレリスストロングキャッチ ブルー迷彩 L ポリウレタン手袋 革手袋 合皮手袋 ＰＵ手袋 作業用手袋",
r0251t,,r0251t
780221,"【スーパーSALE★店内全品ポイント2倍★さらに2,000円クーポン発行中】和光堂 本格派ミルクココア 16g×20包 スティック ココア 紅茶 飲料",
780221,,780221
751677,"【スーパーSALE★店内全品ポイント2倍★さらに2,000円クーポン発行中】送料無料 北越コーポレーション ニューファインカラー A4 グリーン 500枚×5冊 まとめ買い 業務用 箱売り 箱買い ケース買い コピー用紙A4 コピー用紙 a4 A4 2500枚 2500 カラー ライトグリーン",
751677,,751677
