time,type,detail
2026-05-12 09:25:02,FILE,ファイル更新: 残業調査報告書_成川真菜_20260413.docx (C:\Users\フォーレスト026/Desktop\伊藤作業用\残業調査\成川\残業調査報告書_成川真菜_20260413.docx)
2026-05-12 09:25:12,FILE,ファイル更新: 山本光克_ログ検索結果-20260413.csv (C:\Users\フォーレスト026/Desktop\伊藤作業用\残業調査\山本光克\山本光克_ログ検索結果-20260413.csv)
2026-05-12 09:25:14,FILE,ファイル更新: 山本光克_ログ検索結果-20260402.csv (C:\Users\フォーレスト026/Desktop\伊藤作業用\残業調査\山本光克\山本光克_ログ検索結果-20260402.csv)
2026-05-12 09:25:17,FILE,ファイル更新: 残業調査報告書_成川真菜_20260415.docx (C:\Users\フォーレスト026/Desktop\伊藤作業用\残業調査\成川\残業調査報告書_成川真菜_20260415.docx)
2026-05-12 09:28:32,FILE,ファイル更新: 残業調査報告書_成川真菜_20260405.docx (C:\Users\フォーレスト026/Desktop\伊藤作業用\残業調査\成川\残業調査報告書_成川真菜_20260405.docx)
2026-05-12 09:32:48,FILE,ファイル更新: 成川_ログ検索結果-20260405.csv (C:\Users\フォーレスト026/Desktop\伊藤作業用\残業調査\成川\成川_ログ検索結果-20260405.csv)
2026-05-12 09:35:50,FILE,ファイル更新: generate_overtime_report.py (C:\Users\フォーレスト026\MyProject\tools\generate_overtime_report.py)
2026-05-12 09:36:41,FILE,ファイル更新: 残業調査報告書_成川真菜_20260409.docx (C:\Users\フォーレスト026/Desktop\伊藤作業用\残業調査\成川\残業調査報告書_成川真菜_20260409.docx)
2026-05-12 09:37:06,FILE,ファイル更新: 成川_ログ検索結果-20260409.csv (C:\Users\フォーレスト026/Desktop\伊藤作業用\残業調査\成川\成川_ログ検索結果-20260409.csv)
2026-05-12 09:38:35,FILE,ファイル更新: 残業調査報告書_成川真菜_20260410.docx (C:\Users\フォーレスト026/Desktop\伊藤作業用\残業調査\成川\残業調査報告書_成川真菜_20260410.docx)
2026-05-12 09:39:28,FILE,ファイル更新: 成川_ログ検索結果-20260410.csv (C:\Users\フォーレスト026/Desktop\伊藤作業用\残業調査\成川\成川_ログ検索結果-20260410.csv)
2026-05-12 09:42:44,FILE,ファイル更新: 成川_ログ検索結果-20260415.csv (C:\Users\フォーレスト026/Desktop\伊藤作業用\残業調査\成川\成川_ログ検索結果-20260415.csv)
2026-05-12 10:01:23,FILE,ファイル更新: 残業調査報告書_樋口彩水_20260401.docx (C:\Users\フォーレスト026/Desktop\伊藤作業用\残業調査\樋口\残業調査報告書_樋口彩水_20260401.docx)
2026-05-12 10:01:33,FILE,ファイル更新: 残業調査報告書_樋口彩水_20260402.docx (C:\Users\フォーレスト026/Desktop\伊藤作業用\残業調査\樋口\残業調査報告書_樋口彩水_20260402.docx)
2026-05-12 10:01:45,FILE,ファイル更新: 残業調査報告書_樋口彩水_20260403.docx (C:\Users\フォーレスト026/Desktop\伊藤作業用\残業調査\樋口\残業調査報告書_樋口彩水_20260403.docx)
2026-05-12 10:06:39,FILE,ファイル更新: 樋口_ログ検索結果-20260415.csv (C:\Users\フォーレスト026/Desktop\伊藤作業用\残業調査\樋口\樋口_ログ検索結果-20260415.csv)
2026-05-12 10:06:42,FILE,ファイル更新: 樋口_ログ検索結果-20260413.csv (C:\Users\フォーレスト026/Desktop\伊藤作業用\残業調査\樋口\樋口_ログ検索結果-20260413.csv)
2026-05-12 10:33:11,FILE,ファイル更新: 20260427_ログ表示結果-20260416175217 （読み込み用）.xlsx (C:\Users\フォーレスト026/Desktop\伊藤作業用\残業調査\20260427_ログ表示結果-20260416175217 （読み込み用）.xlsx)
2026-05-12 11:05:32,FILE,ファイル更新: 樋口_ログ検索結果-20260401_20260403.csv (C:\Users\フォーレスト026/Desktop\伊藤作業用\残業調査\樋口\樋口_ログ検索結果-20260401_20260403.csv)
2026-05-12 11:14:39,FILE,ファイル更新: ログ表示結果-20260416175217.xlsm (C:\Users\フォーレスト026/Desktop\伊藤作業用\残業調査\送信データ\ログ表示結果-20260416175217.xlsm)
2026-05-12 13:33:38,FILE,ファイル更新: 20260414_20260430ログ検索結果-20260507131846.xlsm (C:\Users\フォーレスト026/Desktop\伊藤作業用\残業調査\4月後半（未編集）\20260414_20260430ログ検索結果-20260507131846.xlsm)
2026-05-12 13:36:50,FILE,ファイル更新: README.txt (C:\Users\フォーレスト026/Desktop\伊藤作業用\残業調査\README.txt)
2026-05-12 15:17:34,FILE,ファイル更新: Default.rdp (C:\Users\フォーレスト026/Desktop\OneDrive - フォーレスト株式会社\ドキュメント\Default.rdp)
2026-05-12 15:33:10,FILE,ファイル更新: ~t_ito@forestwayoffice.onmicrosoft.com.pst.tmp (C:\Users\フォーレスト026/Documents\Outlook ファイル\~t_ito@forestwayoffice.onmicrosoft.com.pst.tmp)
2026-05-12 15:33:31,FILE,ファイル更新: t_ito@forestwayoffice.onmicrosoft.com.pst (C:\Users\フォーレスト026/Documents\Outlook ファイル\t_ito@forestwayoffice.onmicrosoft.com.pst)
2026-05-12 15:43:30,FILE,ファイル更新: today_files.csv (C:\Users\フォーレスト026\MyProject\scratch\today_files.csv)
2026-05-12 15:43:42,FILE,ファイル更新: collect_activity.py (C:\Users\フォーレスト026\MyProject\scratch\collect_activity.py)
