id,user_id,app_name,folder_name,file_name,operation_type,manual_typing_count,manual_typing_time,copy_paste_count,duration_seconds,idle_time_seconds,context_switch_count,cpu_usage_percent,memory_usage_mb,browser_tab_count,is_processed,received_at,click_count,scroll_count,mouse_distance,right_click_count,shortcut_key_count,shortcut_details
74540,test_user_sysops_01,EXCEL.EXE,,自動処理スクリプト.py,スクリプト開発,300,0,20,600,0,0,,,0,0,1786633942.5904734,50,0,0,5,45,
74539,test_user_sysops_01,EXCEL.EXE,,自動処理スクリプト.py,スクリプト開発,300,0,20,600,0,0,,,0,0,1786634542.5904734,50,0,0,5,45,
74538,test_user_sysops_01,EXCEL.EXE,,自動処理スクリプト.py,スクリプト開発,300,0,20,600,0,0,,,0,0,1786635142.5904734,50,0,0,5,45,
74537,test_user_sysops_01,EXCEL.EXE,,自動処理スクリプト.py,スクリプト開発,300,0,20,600,0,0,,,0,0,1786635742.5904734,50,0,0,5,45,
74536,test_user_sysops_01,EXCEL.EXE,,自動処理スクリプト.py,スクリプト開発,300,0,20,600,0,0,,,0,0,1786636342.5904734,50,0,0,5,45,
74535,test_user_sysops_01,EXCEL.EXE,,自動処理スクリプト.py,スクリプト開発,300,0,20,600,0,0,,,0,0,1786636942.5904734,50,0,0,5,45,
74534,test_user_sysops_01,EXCEL.EXE,,自動処理スクリプト.py,スクリプト開発,300,0,20,600,0,0,,,0,0,1786637542.5904734,50,0,0,5,45,
74533,test_user_sysops_01,EXCEL.EXE,,自動処理スクリプト.py,スクリプト開発,300,0,20,600,0,0,,,0,0,1786638142.5904734,50,0,0,5,45,
74532,test_user_sysops_01,EXCEL.EXE,,自動処理スクリプト.py,スクリプト開発,300,0,20,600,0,0,,,0,0,1786638742.5904734,50,0,0,5,45,
74531,test_user_sysops_01,EXCEL.EXE,,自動処理スクリプト.py,スクリプト開発,300,0,20,600,0,0,,,0,0,1786639342.5904734,50,0,0,5,45,
74530,test_user_sysops_01,EXCEL.EXE,,月次サーバー稼働報告書.xlsx,手動入力/コピペ,50,0,5,300,0,0,,,0,0,1786717042.5904734,20,0,0,15,2,
74529,test_user_sysops_01,EXCEL.EXE,,月次サーバー稼働報告書.xlsx,手動入力/コピペ,50,0,5,300,0,0,,,0,0,1786717342.5904734,20,0,0,15,2,
74528,test_user_sysops_01,EXCEL.EXE,,月次サーバー稼働報告書.xlsx,手動入力/コピペ,50,0,5,300,0,0,,,0,0,1786717642.5904734,20,0,0,15,2,
74527,test_user_sysops_01,EXCEL.EXE,,月次サーバー稼働報告書.xlsx,手動入力/コピペ,50,0,5,300,0,0,,,0,0,1786717942.5904734,20,0,0,15,2,
74526,test_user_sysops_01,EXCEL.EXE,,月次サーバー稼働報告書.xlsx,手動入力/コピペ,50,0,5,300,0,0,,,0,0,1786718242.5904734,20,0,0,15,2,
74525,test_user_sysops_01,EXCEL.EXE,,月次サーバー稼働報告書.xlsx,手動入力/コピペ,50,0,5,300,0,0,,,0,0,1786718542.5904734,20,0,0,15,2,
74524,test_user_sysops_01,EXCEL.EXE,,月次サーバー稼働報告書.xlsx,手動入力/コピペ,50,0,5,300,0,0,,,0,0,1786718842.5904734,20,0,0,15,2,
74523,test_user_sysops_01,EXCEL.EXE,,月次サーバー稼働報告書.xlsx,手動入力/コピペ,50,0,5,300,0,0,,,0,0,1786719142.5904734,20,0,0,15,2,
74522,test_user_sysops_01,EXCEL.EXE,,月次サーバー稼働報告書.xlsx,手動入力/コピペ,50,0,5,300,0,0,,,0,0,1786719442.5904734,20,0,0,15,2,
74521,test_user_sysops_01,EXCEL.EXE,,月次サーバー稼働報告書.xlsx,手動入力/コピペ,50,0,5,300,0,0,,,0,0,1786719742.5904734,20,0,0,15,2,
74520,test_user_sysops_01,EXCEL.EXE,,月次サーバー稼働報告書.xlsx,手動入力/コピペ,50,0,5,300,0,0,,,0,0,1786720042.5904734,20,0,0,15,2,
74519,test_user_sysops_01,EXCEL.EXE,,月次サーバー稼働報告書.xlsx,手動入力/コピペ,50,0,5,300,0,0,,,0,0,1786720342.5904734,20,0,0,15,2,
74518,test_user_sysops_01,EXCEL.EXE,,月次サーバー稼働報告書.xlsx,手動入力/コピペ,50,0,5,300,0,0,,,0,0,1786720642.5904734,20,0,0,15,2,
74517,test_user_sysops_01,EXCEL.EXE,,月次サーバー稼働報告書.xlsx,手動入力/コピペ,50,0,5,300,0,0,,,0,0,1786720942.5904734,20,0,0,15,2,
74516,test_user_sysops_01,EXCEL.EXE,,月次サーバー稼働報告書.xlsx,手動入力/コピペ,50,0,5,300,0,0,,,0,0,1786721242.5904734,20,0,0,15,2,
74515,test_user_sysops_01,EXCEL.EXE,,月次サーバー稼働報告書.xlsx,手動入力/コピペ,50,0,5,300,0,0,,,0,0,1786721542.5904734,20,0,0,15,2,
74514,test_user_sysops_01,EXCEL.EXE,,月次サーバー稼働報告書.xlsx,手動入力/コピペ,50,0,5,300,0,0,,,0,0,1786721842.5904734,20,0,0,15,2,
74513,test_user_sysops_01,EXCEL.EXE,,月次サーバー稼働報告書.xlsx,手動入力/コピペ,50,0,5,300,0,0,,,0,0,1786722142.5904734,20,0,0,15,2,
74512,test_user_sysops_01,EXCEL.EXE,,月次サーバー稼働報告書.xlsx,手動入力/コピペ,50,0,5,300,0,0,,,0,0,1786722442.5904734,20,0,0,15,2,
74511,test_user_sysops_01,EXCEL.EXE,,月次サーバー稼働報告書.xlsx,手動入力/コピペ,50,0,5,300,0,0,,,0,0,1786722742.5904734,20,0,0,15,2,
74510,test_user_sysops_01,EXCEL.EXE,,月次サーバー稼働報告書.xlsx,手動入力/コピペ,50,0,5,300,0,0,,,0,0,1786723042.5904734,20,0,0,15,2,
74509,test_user_sysops_01,EXCEL.EXE,,月次サーバー稼働報告書.xlsx,手動入力/コピペ,50,0,5,300,0,0,,,0,0,1786723342.5904734,20,0,0,15,2,
74508,test_user_sysops_01,EXCEL.EXE,,月次サーバー稼働報告書.xlsx,手動入力/コピペ,50,0,5,300,0,0,,,0,0,1786723642.5904734,20,0,0,15,2,
74507,test_user_sysops_01,EXCEL.EXE,,月次サーバー稼働報告書.xlsx,手動入力/コピペ,50,0,5,300,0,0,,,0,0,1786723942.5904734,20,0,0,15,2,
74506,test_user_sysops_01,EXCEL.EXE,,月次サーバー稼働報告書.xlsx,手動入力/コピペ,50,0,5,300,0,0,,,0,0,1786724242.5904734,20,0,0,15,2,
74505,test_user_sysops_01,EXCEL.EXE,,月次サーバー稼働報告書.xlsx,手動入力/コピペ,50,0,5,300,0,0,,,0,0,1786724542.5904734,20,0,0,15,2,
74504,test_user_sysops_01,EXCEL.EXE,,月次サーバー稼働報告書.xlsx,手動入力/コピペ,50,0,5,300,0,0,,,0,0,1786724842.5904734,20,0,0,15,2,
74503,test_user_sysops_01,EXCEL.EXE,,月次サーバー稼働報告書.xlsx,手動入力/コピペ,50,0,5,300,0,0,,,0,0,1786725142.5904734,20,0,0,15,2,
74502,test_user_sysops_01,EXCEL.EXE,,月次サーバー稼働報告書.xlsx,手動入力/コピペ,50,0,5,300,0,0,,,0,0,1786725442.5904734,20,0,0,15,2,
74501,test_user_sysops_01,EXCEL.EXE,,月次サーバー稼働報告書.xlsx,手動入力/コピペ,50,0,5,300,0,0,,,0,0,1786725742.5904734,20,0,0,15,2,
74500,ea8b1d32-6645-4ae3-8ca7-276260105c75,Antigravity IDE.exe,,Antigravity IDE,macro,0,0,0,5,0,0,20.2,14184.4921875,0,0,1786715605.3682299,0,0,0,0,0,{}
74499,ea8b1d32-6645-4ae3-8ca7-276260105c75,Antigravity IDE.exe,,Antigravity IDE,macro,0,0,0,5,0,0,22.8,14200.890625,0,0,1786715600.327149,0,0,0,0,0,{}
74498,ea8b1d32-6645-4ae3-8ca7-276260105c75,Antigravity IDE.exe,,Antigravity IDE,macro,0,0,0,5,0,0,24.6,14188.5078125,0,0,1786715595.2909212,0,0,0,0,0,{}
74497,ea8b1d32-6645-4ae3-8ca7-276260105c75,Antigravity IDE.exe,,Antigravity IDE,macro,0,0,0,5,0,0,27.9,14176.17578125,0,0,1786715590.273718,0,0,0,0,0,{}
74496,ea8b1d32-6645-4ae3-8ca7-276260105c75,Antigravity IDE.exe,,Antigravity IDE,macro,0,0,0,5,0,0,40.9,14191.73828125,0,0,1786715585.2322955,0,0,0,0,0,{}
74495,ea8b1d32-6645-4ae3-8ca7-276260105c75,Antigravity IDE.exe,,Antigravity IDE,macro,0,0,0,5,0,0,30.2,14296.37109375,0,0,1786715580.1841168,0,0,0,0,0,{}
74494,ea8b1d32-6645-4ae3-8ca7-276260105c75,chrome.exe,,Google Antigravity Auth Success - Google Chrome,macro,0,0,0,5,0,0,14.8,14210.68359375,0,0,1786715575.1688604,0,0,0,0,0,{}
74493,ea8b1d32-6645-4ae3-8ca7-276260105c75,chrome.exe,,Google Antigravity Auth Success - Google Chrome,macro,0,0,0,5,0,0,23.3,14213.4296875,0,0,1786715570.1471102,0,0,0,0,0,{}
74492,ea8b1d32-6645-4ae3-8ca7-276260105c75,chrome.exe,,Google Antigravity Auth Success - Google Chrome,macro,0,0,0,5,0,0,22.1,14193.33984375,0,0,1786715565.0958512,0,0,0,0,0,{}
74491,ea8b1d32-6645-4ae3-8ca7-276260105c75,chrome.exe,,Google Antigravity Auth Success - Google Chrome,macro,0,0,0,5,0,0,18.0,14219.42578125,0,0,1786715560.0319812,0,0,0,0,0,{}
74490,ea8b1d32-6645-4ae3-8ca7-276260105c75,chrome.exe,,Google Antigravity Auth Success - Google Chrome,macro,0,0,0,5,0,0,18.2,14175.51171875,0,0,1786715554.9894533,0,0,0,0,0,{}
74489,ea8b1d32-6645-4ae3-8ca7-276260105c75,chrome.exe,,Google Antigravity Auth Success - Google Chrome,macro,0,0,0,5,0,0,18.8,14181.76953125,0,0,1786715549.927878,0,0,0,0,0,{}
74488,ea8b1d32-6645-4ae3-8ca7-276260105c75,chrome.exe,,Google Antigravity Auth Success - Google Chrome,macro,0,0,0,5,0,0,34.9,14163.35546875,0,0,1786715544.870442,0,0,0,0,0,{}
74487,ea8b1d32-6645-4ae3-8ca7-276260105c75,chrome.exe,,Google Antigravity Auth Success - Google Chrome,macro,0,0,0,5,0,0,20.9,14169.60546875,0,0,1786715539.8182182,0,0,0,0,0,{}
74486,ea8b1d32-6645-4ae3-8ca7-276260105c75,chrome.exe,,Google Antigravity Auth Success - Google Chrome,macro,0,0,0,5,0,0,22.6,14180.046875,0,0,1786715534.7966695,0,0,0,0,0,{}
74485,ea8b1d32-6645-4ae3-8ca7-276260105c75,chrome.exe,,Google Antigravity Auth Success - Google Chrome,macro,0,0,0,5,0,0,19.9,14179.2109375,0,0,1786715529.7511475,0,0,0,0,0,{}
74484,ea8b1d32-6645-4ae3-8ca7-276260105c75,chrome.exe,,Google Antigravity Auth Success - Google Chrome,macro,0,0,0,5,0,0,20.0,14177.7421875,0,0,1786715524.7286558,0,0,0,0,0,{}
74483,ea8b1d32-6645-4ae3-8ca7-276260105c75,chrome.exe,,Google Antigravity Auth Success - Google Chrome,macro,0,0,0,5,0,0,16.2,14205.1640625,0,0,1786715519.6786673,0,0,0,0,0,{}
74482,ea8b1d32-6645-4ae3-8ca7-276260105c75,chrome.exe,,Google Antigravity Auth Success - Google Chrome,macro,0,0,0,5,0,0,18.4,14187.90625,0,0,1786715514.615667,0,0,0,0,0,{}
74481,ea8b1d32-6645-4ae3-8ca7-276260105c75,chrome.exe,,Google Antigravity Auth Success - Google Chrome,macro,0,0,0,5,0,0,19.1,14222.44140625,0,0,1786715509.5376945,0,0,0,0,0,{}
74480,ea8b1d32-6645-4ae3-8ca7-276260105c75,chrome.exe,,Google Antigravity Auth Success - Google Chrome,macro,0,0,0,5,0,0,18.5,14272.6171875,0,0,1786715504.4851692,0,0,0,0,0,{}
74479,ea8b1d32-6645-4ae3-8ca7-276260105c75,chrome.exe,,Google Antigravity Auth Success - Google Chrome,macro,0,0,0,5,0,0,20.9,14286.14453125,0,0,1786715499.4396474,0,0,0,0,0,{}
74478,ea8b1d32-6645-4ae3-8ca7-276260105c75,chrome.exe,,Google Antigravity Auth Success - Google Chrome,macro,0,0,0,5,0,0,30.1,14334.54296875,0,0,1786715494.4156475,0,0,0,0,0,{}
74477,ea8b1d32-6645-4ae3-8ca7-276260105c75,chrome.exe,,Google Antigravity Auth Success - Google Chrome,macro,0,0,0,5,0,0,55.2,14515.17578125,0,0,1786715489.388906,0,0,0,0,0,{}
74476,ea8b1d32-6645-4ae3-8ca7-276260105c75,chrome.exe,,Google Antigravity Auth Success - Google Chrome,macro,0,0,0,5,0,0,59.9,14485.2421875,0,0,1786715484.3458588,0,0,0,0,0,{}
74475,ea8b1d32-6645-4ae3-8ca7-276260105c75,chrome.exe,,ログイン - Google アカウント - Google Chrome,macro,0,0,0,5,0,0,39.5,14315.37109375,0,0,1786715479.288996,0,0,0,0,0,{}
74474,ea8b1d32-6645-4ae3-8ca7-276260105c75,chrome.exe,,ログイン - Google アカウント - Google Chrome,macro,0,0,0,5,0,0,82.2,14307.0703125,0,0,1786715474.2161865,0,0,0,0,0,{}
74473,ea8b1d32-6645-4ae3-8ca7-276260105c75,Antigravity IDE.exe,,Antigravity IDE,macro,0,0,0,5,0,0,63.4,14050.09375,0,0,1786715469.0417168,0,0,0,0,0,{}
74472,ea8b1d32-6645-4ae3-8ca7-276260105c75,chrome.exe,,詳細DX抽出レポート - 20260727 (ミクロビュー) - Google Chrome,macro,0,0,0,5,0,0,29.2,13690.81640625,0,0,1786715463.9942229,0,0,0,0,0,{}
74471,ea8b1d32-6645-4ae3-8ca7-276260105c75,chrome.exe,,ログイン - Google アカウント - Google Chrome,macro,0,0,0,5,0,0,37.2,13803.03515625,0,0,1786715458.9723306,0,0,0,0,0,{}
74470,ea8b1d32-6645-4ae3-8ca7-276260105c75,Antigravity IDE.exe,,Antigravity IDE,macro,0,0,0,5,0,0,21.5,13670.96875,0,0,1786715453.9492617,0,0,0,0,0,{}
74469,ea8b1d32-6645-4ae3-8ca7-276260105c75,Antigravity IDE.exe,,Antigravity IDE,macro,0,0,0,5,0,0,34.1,13666.12109375,0,0,1786715448.9149537,0,0,0,0,0,{}
74468,ea8b1d32-6645-4ae3-8ca7-276260105c75,Antigravity IDE.exe,,Antigravity IDE,macro,0,0,0,5,0,0,29.0,13637.67578125,0,0,1786715443.8976822,0,0,0,0,0,{}
74467,ea8b1d32-6645-4ae3-8ca7-276260105c75,Antigravity IDE.exe,,Antigravity IDE,macro,0,0,0,5,0,0,24.4,13660.04296875,0,0,1786715438.8823838,0,0,0,0,0,{}
74466,ea8b1d32-6645-4ae3-8ca7-276260105c75,Antigravity IDE.exe,,Antigravity IDE,macro,0,0,0,5,0,0,21.7,13677.16015625,0,0,1786715433.838651,0,0,0,0,0,{}
74465,ea8b1d32-6645-4ae3-8ca7-276260105c75,Antigravity IDE.exe,,Antigravity IDE,macro,0,0,0,5,0,0,22.1,13689.92578125,0,0,1786715428.7961433,0,0,0,0,0,{}
74464,ea8b1d32-6645-4ae3-8ca7-276260105c75,Antigravity IDE.exe,,Antigravity IDE,macro,0,0,0,5,0,0,20.0,13690.4296875,0,0,1786715423.7364554,0,0,0,0,0,{}
74463,ea8b1d32-6645-4ae3-8ca7-276260105c75,Antigravity IDE.exe,,Antigravity IDE,macro,0,0,0,5,0,0,24.1,13685.9140625,0,0,1786715418.7208855,0,0,0,0,0,{}
74462,ea8b1d32-6645-4ae3-8ca7-276260105c75,chrome.exe,,詳細DX抽出レポート - 20260727 (ミクロビュー) - Google Chrome,macro,0,0,0,5,0,0,29.3,13668.98828125,0,0,1786715413.6788568,0,0,0,0,0,{}
74461,ea8b1d32-6645-4ae3-8ca7-276260105c75,chrome.exe,,無題 - Google Chrome,macro,0,0,0,5,0,0,27.9,13603.77734375,0,0,1786715408.628739,0,0,0,0,0,{}
74460,ea8b1d32-6645-4ae3-8ca7-276260105c75,chrome.exe,,無題 - Google Chrome,macro,0,0,0,5,0,0,23.2,13577.50390625,0,0,1786715403.5728066,0,0,0,0,0,{}
74459,ea8b1d32-6645-4ae3-8ca7-276260105c75,chrome.exe,,無題 - Google Chrome,macro,0,0,0,5,0,0,36.0,13571.046875,0,0,1786715398.5213463,0,0,0,0,0,{}
74458,ea8b1d32-6645-4ae3-8ca7-276260105c75,python.exe,,ForestTaskMiningSystem,macro,0,0,0,5,0,0,28.8,13583.9765625,0,0,1786715393.4755907,0,0,0,0,0,{}
74457,ea8b1d32-6645-4ae3-8ca7-276260105c75,chrome.exe,,127.0.0.1 - Google Chrome,macro,0,0,0,5,0,0,40.6,13529.22265625,0,0,1786715387.3291192,0,0,0,0,0,{}
74456,ea8b1d32-6645-4ae3-8ca7-276260105c75,chrome.exe,,Google Antigravity - Download - Google Chrome,macro,0,0,0,5,0,0,32.8,13528.24609375,0,0,1786715382.309317,0,0,0,0,0,{}
74455,ea8b1d32-6645-4ae3-8ca7-276260105c75,chrome.exe,,127.0.0.1 - Google Chrome,micro_event,0,0,1,0,0,0,0.0,0.0,0,0,1786715378.2446194,0,0,0,0,0,{}
74454,ea8b1d32-6645-4ae3-8ca7-276260105c75,Antigravity IDE.exe,,Antigravity IDE,macro,0,0,0,5,0,0,0.0,13786.375,0,0,1786715377.2409768,0,0,0,0,0,{}
74453,ea8b1d32-6645-4ae3-8ca7-276260105c75,Antigravity IDE.exe,,Antigravity IDE,macro,0,0,0,5,0,0,18.4,14364.40234375,0,0,1786714424.8648615,0,0,0,0,0,{}
74452,ea8b1d32-6645-4ae3-8ca7-276260105c75,Antigravity IDE.exe,,Antigravity IDE,macro,0,0,0,5,0,0,23.9,14361.5390625,0,0,1786714419.8239021,0,0,0,0,0,{}
74451,ea8b1d32-6645-4ae3-8ca7-276260105c75,Antigravity IDE.exe,,Antigravity IDE,macro,0,0,0,5,0,0,18.6,14367.0859375,0,0,1786714414.8077016,0,0,0,0,0,{}
74450,ea8b1d32-6645-4ae3-8ca7-276260105c75,Antigravity IDE.exe,,Antigravity IDE,macro,0,0,0,5,0,0,21.8,14370.8671875,0,0,1786714409.7683501,0,0,0,0,0,{}
74449,ea8b1d32-6645-4ae3-8ca7-276260105c75,Antigravity IDE.exe,,Antigravity IDE,macro,0,0,0,5,0,0,18.7,14371.21875,0,0,1786714404.7152965,0,0,0,0,0,{}
74448,ea8b1d32-6645-4ae3-8ca7-276260105c75,Antigravity IDE.exe,,Antigravity IDE,macro,0,0,0,5,0,0,18.3,14382.7265625,0,0,1786714399.698739,0,0,0,0,0,{}
74447,ea8b1d32-6645-4ae3-8ca7-276260105c75,Antigravity IDE.exe,,Antigravity IDE,macro,0,0,0,5,0,0,23.0,14385.671875,0,0,1786714394.6528158,0,0,0,0,0,{}
74446,ea8b1d32-6645-4ae3-8ca7-276260105c75,Antigravity IDE.exe,,Antigravity IDE,macro,0,0,0,5,0,0,25.9,14387.9921875,0,0,1786714389.6367264,0,0,0,0,0,{}
74445,ea8b1d32-6645-4ae3-8ca7-276260105c75,Antigravity IDE.exe,,Antigravity IDE,macro,0,0,0,5,0,0,30.0,14340.30078125,0,0,1786714384.6196885,0,0,0,0,0,{}
74444,ea8b1d32-6645-4ae3-8ca7-276260105c75,Antigravity IDE.exe,,Antigravity IDE,macro,0,0,0,5,0,0,32.3,14354.9609375,0,0,1786714379.603661,0,0,0,0,0,{}
74443,ea8b1d32-6645-4ae3-8ca7-276260105c75,Antigravity IDE.exe,,Antigravity IDE,macro,0,0,0,5,0,0,33.2,14382.70703125,0,0,1786714374.559262,0,0,0,0,0,{}
74442,ea8b1d32-6645-4ae3-8ca7-276260105c75,Antigravity IDE.exe,,Antigravity IDE,macro,0,0,0,5,0,0,18.6,14362.9375,0,0,1786714369.5384803,0,0,0,0,0,{}
74441,ea8b1d32-6645-4ae3-8ca7-276260105c75,Antigravity IDE.exe,,Antigravity IDE,macro,0,0,0,5,0,0,19.7,14338.90625,0,0,1786714364.5228367,0,0,0,0,0,{}
74440,ea8b1d32-6645-4ae3-8ca7-276260105c75,Antigravity IDE.exe,,Antigravity IDE,macro,0,0,0,5,0,0,16.8,14358.91796875,0,0,1786714359.4663568,0,0,0,0,0,{}
74439,ea8b1d32-6645-4ae3-8ca7-276260105c75,Antigravity IDE.exe,,Antigravity IDE,macro,0,0,0,5,0,0,22.6,14346.453125,0,0,1786714354.4272566,0,0,0,0,0,{}
74438,ea8b1d32-6645-4ae3-8ca7-276260105c75,Antigravity IDE.exe,,Antigravity IDE,macro,0,0,0,5,0,0,22.2,14374.96484375,0,0,1786714349.381522,0,0,0,0,0,{}
74437,ea8b1d32-6645-4ae3-8ca7-276260105c75,Antigravity IDE.exe,,Antigravity IDE,macro,0,0,0,5,0,0,30.4,14396.1328125,0,0,1786714344.3322606,0,0,0,0,0,{}
74436,ea8b1d32-6645-4ae3-8ca7-276260105c75,Antigravity IDE.exe,,Antigravity IDE,macro,0,0,0,5,0,0,22.0,14396.58984375,0,0,1786714339.2843187,0,0,0,0,0,{}
74435,ea8b1d32-6645-4ae3-8ca7-276260105c75,Antigravity IDE.exe,,Antigravity IDE,macro,0,0,0,5,0,0,32.0,14424.68359375,0,0,1786714334.2674816,0,0,0,0,0,{}
74434,ea8b1d32-6645-4ae3-8ca7-276260105c75,Antigravity IDE.exe,,Antigravity IDE,macro,0,0,0,5,0,0,22.5,14471.2734375,0,0,1786714329.2195656,0,0,0,0,0,{}
74433,ea8b1d32-6645-4ae3-8ca7-276260105c75,chrome.exe,,詳細DX抽出レポート - 20260727 (ミクロビュー) - Google Chrome,macro,0,0,0,5,0,0,42.2,14451.17578125,0,0,1786714324.178363,0,0,0,0,0,{}
74432,ea8b1d32-6645-4ae3-8ca7-276260105c75,Antigravity IDE.exe,,Antigravity IDE,macro,0,0,0,5,0,0,32.1,14392.1640625,0,0,1786714319.1135817,0,0,0,0,0,{}
74431,ea8b1d32-6645-4ae3-8ca7-276260105c75,explorer.exe,,システム トレイ オーバーフロー ウィンドウ。,macro,0,0,0,5,0,0,30.4,14388.0703125,0,0,1786714314.071508,0,0,0,0,0,{}
74430,ea8b1d32-6645-4ae3-8ca7-276260105c75,chrome.exe,,詳細DX抽出レポート - 20260727 (ミクロビュー) - Google Chrome,macro,0,0,0,5,0,0,30.7,14344.3125,0,0,1786714309.0184238,0,0,0,0,0,{}
74429,ea8b1d32-6645-4ae3-8ca7-276260105c75,chrome.exe,,無題 - Google Chrome,macro,0,0,0,5,0,0,29.4,14283.30859375,0,0,1786714304.0030336,0,0,0,0,0,{}
74428,ea8b1d32-6645-4ae3-8ca7-276260105c75,Antigravity IDE.exe,,Antigravity IDE,macro,0,0,0,5,0,0,19.5,14218.6328125,0,0,1786714298.964921,0,0,0,0,0,{}
74427,ea8b1d32-6645-4ae3-8ca7-276260105c75,Antigravity IDE.exe,,Antigravity IDE,macro,0,0,0,5,0,0,20.8,14207.3203125,0,0,1786714293.9266803,0,0,0,0,0,{}
74426,ea8b1d32-6645-4ae3-8ca7-276260105c75,Antigravity IDE.exe,,Antigravity IDE,macro,0,0,0,5,0,0,16.5,14231.046875,0,0,1786714288.8744526,0,0,0,0,0,{}
74425,ea8b1d32-6645-4ae3-8ca7-276260105c75,Antigravity IDE.exe,,Antigravity IDE,macro,0,0,0,5,0,0,19.9,14208.06640625,0,0,1786714283.8595297,0,0,0,0,0,{}
74424,ea8b1d32-6645-4ae3-8ca7-276260105c75,Antigravity IDE.exe,,Antigravity IDE,macro,0,0,0,5,0,0,18.4,14254.140625,0,0,1786714278.8190129,0,0,0,0,0,{}
74423,ea8b1d32-6645-4ae3-8ca7-276260105c75,Antigravity IDE.exe,,Antigravity IDE,macro,0,0,0,5,0,0,19.9,14234.85546875,0,0,1786714273.7791812,0,0,0,0,0,{}
74422,ea8b1d32-6645-4ae3-8ca7-276260105c75,Antigravity IDE.exe,,Antigravity IDE,macro,0,0,0,5,0,0,18.3,14236.97265625,0,0,1786714268.7365184,0,0,0,0,0,{}
74421,ea8b1d32-6645-4ae3-8ca7-276260105c75,Antigravity IDE.exe,,Antigravity IDE,macro,0,0,0,5,0,0,20.3,14245.640625,0,0,1786714263.688878,0,0,0,0,0,{}
74420,ea8b1d32-6645-4ae3-8ca7-276260105c75,Antigravity IDE.exe,,Antigravity IDE,macro,0,0,0,5,0,0,22.1,14265.85546875,0,0,1786714258.6510708,0,0,0,0,0,{}
74419,ea8b1d32-6645-4ae3-8ca7-276260105c75,Antigravity IDE.exe,,Antigravity IDE,macro,0,0,0,5,0,0,21.7,14230.6328125,0,0,1786714253.6051936,0,0,0,0,0,{}
74418,ea8b1d32-6645-4ae3-8ca7-276260105c75,Antigravity IDE.exe,,Antigravity IDE,macro,0,0,0,5,0,0,28.2,14244.58203125,0,0,1786714248.5860631,0,0,0,0,0,{}
74417,ea8b1d32-6645-4ae3-8ca7-276260105c75,Antigravity IDE.exe,,Antigravity IDE,macro,0,0,0,5,0,0,20.6,14220.5859375,0,0,1786714243.5307071,0,0,0,0,0,{}
74416,ea8b1d32-6645-4ae3-8ca7-276260105c75,Antigravity IDE.exe,,Antigravity IDE,macro,0,0,0,5,0,0,28.5,14237.03515625,0,0,1786714238.4913821,0,0,0,0,0,{}
74415,ea8b1d32-6645-4ae3-8ca7-276260105c75,Antigravity IDE.exe,,Antigravity IDE,macro,0,0,0,5,0,0,36.4,14175.265625,0,0,1786714233.459108,0,0,0,0,0,{}
74414,ea8b1d32-6645-4ae3-8ca7-276260105c75,Antigravity IDE.exe,,Antigravity IDE,macro,0,0,0,5,0,0,33.7,14092.40625,0,0,1786714228.422039,0,0,0,0,0,{}
74413,ea8b1d32-6645-4ae3-8ca7-276260105c75,Antigravity IDE.exe,,Antigravity IDE,macro,0,0,0,5,0,0,19.5,13991.8203125,0,0,1786714223.3857915,0,0,0,0,0,{}
74412,ea8b1d32-6645-4ae3-8ca7-276260105c75,Antigravity IDE.exe,,Antigravity IDE,macro,0,0,0,5,0,0,30.4,14084.0546875,0,0,1786714218.3461604,0,0,0,0,0,{}
74411,ea8b1d32-6645-4ae3-8ca7-276260105c75,Antigravity IDE.exe,,Antigravity IDE,macro,0,0,0,5,0,0,19.4,14043.8671875,0,0,1786714213.3097546,0,0,0,0,0,{}
74410,ea8b1d32-6645-4ae3-8ca7-276260105c75,Antigravity IDE.exe,,Antigravity IDE,macro,0,0,0,5,0,0,30.3,14070.45703125,0,0,1786714208.271819,0,0,0,0,0,{}
74409,ea8b1d32-6645-4ae3-8ca7-276260105c75,Antigravity IDE.exe,,Antigravity IDE,macro,0,0,0,5,0,0,19.9,14071.640625,0,0,1786714203.2344906,0,0,0,0,0,{}
74408,ea8b1d32-6645-4ae3-8ca7-276260105c75,Antigravity IDE.exe,,Antigravity IDE,macro,0,0,0,5,0,0,40.4,14055.23046875,0,0,1786714198.207253,0,0,0,0,0,{}
74407,ea8b1d32-6645-4ae3-8ca7-276260105c75,Antigravity IDE.exe,,Antigravity IDE,macro,0,0,0,5,0,0,21.1,14051.13671875,0,0,1786714193.1695552,0,0,0,0,0,{}
74406,ea8b1d32-6645-4ae3-8ca7-276260105c75,Antigravity IDE.exe,,Antigravity IDE,macro,0,0,0,5,0,0,31.9,14053.60546875,0,0,1786714188.1238453,0,0,0,0,0,{}
74405,ea8b1d32-6645-4ae3-8ca7-276260105c75,Antigravity IDE.exe,,Antigravity IDE,macro,0,0,0,5,0,0,23.4,14044.22265625,0,0,1786714183.0739965,0,0,0,0,0,{}
74404,ea8b1d32-6645-4ae3-8ca7-276260105c75,Antigravity IDE.exe,,Antigravity IDE,macro,0,0,0,5,0,0,30.8,14047.17578125,0,0,1786714178.0386949,0,0,0,0,0,{}
74403,ea8b1d32-6645-4ae3-8ca7-276260105c75,Antigravity IDE.exe,,Antigravity IDE,macro,0,0,0,5,0,0,13.7,14003.73828125,0,0,1786714172.999154,0,0,0,0,0,{}
74402,ea8b1d32-6645-4ae3-8ca7-276260105c75,Antigravity IDE.exe,,Antigravity IDE,macro,0,0,0,5,0,0,27.2,14079.56640625,0,0,1786714167.9834218,0,0,0,0,0,{}
74401,ea8b1d32-6645-4ae3-8ca7-276260105c75,Antigravity IDE.exe,,Antigravity IDE,macro,0,0,0,5,0,0,40.0,14052.66015625,0,0,1786714162.9356563,0,0,0,0,0,{}
74400,ea8b1d32-6645-4ae3-8ca7-276260105c75,Antigravity IDE.exe,,Antigravity IDE,macro,0,0,0,5,0,0,21.8,14082.63671875,0,0,1786714157.8988461,0,0,0,0,0,{}
74399,ea8b1d32-6645-4ae3-8ca7-276260105c75,Antigravity IDE.exe,,Antigravity IDE,macro,0,0,0,5,0,0,26.2,14057.41015625,0,0,1786714152.841742,0,0,0,0,0,{}
74398,ea8b1d32-6645-4ae3-8ca7-276260105c75,Antigravity IDE.exe,,Antigravity IDE,macro,0,0,0,5,0,0,22.7,14049.37109375,0,0,1786714147.8019884,0,0,0,0,0,{}
74397,ea8b1d32-6645-4ae3-8ca7-276260105c75,Antigravity IDE.exe,,Antigravity IDE,macro,0,0,0,5,0,0,25.6,14011.16796875,0,0,1786714142.7862332,0,0,0,0,0,{}
74396,ea8b1d32-6645-4ae3-8ca7-276260105c75,Antigravity IDE.exe,,Antigravity IDE,macro,0,0,0,5,0,0,24.0,13970.0703125,0,0,1786714137.7315223,0,0,0,0,0,{}
74395,ea8b1d32-6645-4ae3-8ca7-276260105c75,Antigravity IDE.exe,,Antigravity IDE,macro,0,0,0,5,0,0,40.9,14090.5625,0,0,1786714132.6906738,0,0,0,0,0,{}
74394,ea8b1d32-6645-4ae3-8ca7-276260105c75,Antigravity IDE.exe,,Antigravity IDE,macro,0,0,0,5,0,0,27.2,14044.43359375,0,0,1786714127.673494,0,0,0,0,0,{}
74393,ea8b1d32-6645-4ae3-8ca7-276260105c75,Antigravity IDE.exe,,Antigravity IDE,macro,0,0,0,5,0,0,26.5,13975.0390625,0,0,1786714122.6570811,0,0,0,0,0,{}
74392,ea8b1d32-6645-4ae3-8ca7-276260105c75,Antigravity IDE.exe,,Antigravity IDE,macro,0,0,0,5,0,0,23.3,13957.62890625,0,0,1786714117.6193624,0,0,0,0,0,{}
74391,ea8b1d32-6645-4ae3-8ca7-276260105c75,Antigravity IDE.exe,,Antigravity IDE,macro,0,0,0,5,0,0,21.7,14008.35546875,0,0,1786714112.602568,0,0,0,0,0,{}
74390,ea8b1d32-6645-4ae3-8ca7-276260105c75,Antigravity IDE.exe,,Antigravity IDE,macro,0,0,0,5,0,0,26.9,14056.21875,0,0,1786714107.5867095,0,0,0,0,0,{}
74389,ea8b1d32-6645-4ae3-8ca7-276260105c75,Antigravity IDE.exe,,Antigravity IDE,macro,0,0,0,5,0,0,21.6,14035.30859375,0,0,1786714102.544437,0,0,0,0,0,{}
74388,ea8b1d32-6645-4ae3-8ca7-276260105c75,Antigravity IDE.exe,,Antigravity IDE,macro,0,0,0,5,0,0,21.7,14025.52734375,0,0,1786714097.5071235,0,0,0,0,0,{}
74387,ea8b1d32-6645-4ae3-8ca7-276260105c75,Antigravity IDE.exe,,Antigravity IDE,macro,0,0,0,5,0,0,25.7,13973.24609375,0,0,1786714092.470647,0,0,0,0,0,{}
74386,ea8b1d32-6645-4ae3-8ca7-276260105c75,Antigravity IDE.exe,,Antigravity IDE,macro,0,0,0,5,0,0,23.5,13894.7578125,0,0,1786714087.4500804,0,0,0,0,0,{}
74385,ea8b1d32-6645-4ae3-8ca7-276260105c75,Antigravity IDE.exe,,Antigravity IDE,macro,0,0,0,5,0,0,23.6,13907.48046875,0,0,1786714082.3878484,0,0,0,0,0,{}
74384,ea8b1d32-6645-4ae3-8ca7-276260105c75,Antigravity IDE.exe,,Antigravity IDE,macro,0,0,0,5,0,0,22.2,13875.97265625,0,0,1786714077.346432,0,0,0,0,0,{}
74383,ea8b1d32-6645-4ae3-8ca7-276260105c75,Antigravity IDE.exe,,Antigravity IDE,macro,0,0,0,5,0,0,25.7,13934.24609375,0,0,1786714072.2152014,0,0,0,0,0,{}
74382,ea8b1d32-6645-4ae3-8ca7-276260105c75,Antigravity IDE.exe,,Antigravity IDE,macro,0,0,0,5,0,0,20.7,14007.85546875,0,0,1786714067.1857717,0,0,0,0,0,{}
74381,ea8b1d32-6645-4ae3-8ca7-276260105c75,Antigravity IDE.exe,,Antigravity IDE,macro,0,0,0,5,0,0,34.8,14062.73828125,0,0,1786714062.1626468,0,0,0,0,0,{}
74380,ea8b1d32-6645-4ae3-8ca7-276260105c75,chrome.exe,,詳細DX抽出レポート - 20260727 (ミクロビュー) - Google Chrome,macro,0,0,0,5,0,0,30.2,13973.69921875,0,0,1786714057.1133707,0,0,0,0,0,{}
74379,ea8b1d32-6645-4ae3-8ca7-276260105c75,Antigravity IDE.exe,,Antigravity IDE,macro,0,0,0,5,0,0,24.6,13957.52734375,0,0,1786714052.071372,0,0,0,0,0,{}
74378,ea8b1d32-6645-4ae3-8ca7-276260105c75,Antigravity IDE.exe,,Antigravity IDE,macro,0,0,0,5,0,0,24.2,13983.2109375,0,0,1786714047.0482743,0,0,0,0,0,{}
74377,ea8b1d32-6645-4ae3-8ca7-276260105c75,chrome.exe,,詳細DX抽出レポート - 20260727 (ミクロビュー) - Google Chrome,macro,0,0,0,5,0,0,33.9,13980.0390625,0,0,1786714042.0221577,0,0,0,0,0,{}
74376,ea8b1d32-6645-4ae3-8ca7-276260105c75,chrome.exe,,詳細DX抽出レポート - 20260727 (ミクロビュー) - Google Chrome,macro,0,0,0,5,0,0,29.4,13913.734375,0,0,1786714036.9639473,0,0,0,0,0,{}
74375,ea8b1d32-6645-4ae3-8ca7-276260105c75,chrome.exe,,詳細DX抽出レポート - 20260727 (ミクロビュー) - Google Chrome,macro,0,0,0,5,0,0,24.3,13798.62890625,0,0,1786714031.9414227,0,0,0,0,0,{}
74374,ea8b1d32-6645-4ae3-8ca7-276260105c75,chrome.exe,,詳細DX抽出レポート - 20260727 (ミクロビュー) - Google Chrome,macro,0,0,0,5,0,0,32.6,13805.48828125,0,0,1786714026.9208949,0,0,0,0,0,{}
74373,ea8b1d32-6645-4ae3-8ca7-276260105c75,chrome.exe,,無題 - Google Chrome,macro,0,0,0,5,0,0,33.8,13751.47265625,0,0,1786714021.8996644,0,0,0,0,0,{}
74372,ea8b1d32-6645-4ae3-8ca7-276260105c75,python.exe,,,macro,0,0,0,5,0,0,23.9,13684.6484375,0,0,1786714016.739357,0,0,0,0,0,{}
74371,ea8b1d32-6645-4ae3-8ca7-276260105c75,Antigravity IDE.exe,,Antigravity IDE,micro_event,0,0,1,0,0,0,0.0,0.0,0,0,1786714012.74233,0,0,0,0,0,{}
74370,ea8b1d32-6645-4ae3-8ca7-276260105c75,Antigravity IDE.exe,,Antigravity IDE,macro,0,0,0,5,0,0,0.0,13685.2734375,0,0,1786714011.7104304,0,0,0,0,0,{}
74369,ea8b1d32-6645-4ae3-8ca7-276260105c75,Unknown,,Unknown,macro,0,0,0,5,0,0,24.4,13745.07421875,0,0,1786713362.5096378,0,0,0,0,0,{}
74368,ea8b1d32-6645-4ae3-8ca7-276260105c75,Unknown,,Unknown,macro,0,0,0,5,0,0,23.7,13743.06640625,0,0,1786713357.4668195,0,0,0,0,0,{}
74367,ea8b1d32-6645-4ae3-8ca7-276260105c75,Unknown,,Unknown,macro,0,0,0,5,0,0,35.1,13735.49609375,0,0,1786713352.404242,0,0,0,0,0,{}
74366,ea8b1d32-6645-4ae3-8ca7-276260105c75,Unknown,,Unknown,macro,0,0,0,5,0,0,25.3,13749.01171875,0,0,1786713347.389547,0,0,0,0,0,{}
74365,ea8b1d32-6645-4ae3-8ca7-276260105c75,Unknown,,Unknown,macro,0,0,0,5,0,0,22.6,13718.796875,0,0,1786713342.3738673,0,0,0,0,0,{}
74364,ea8b1d32-6645-4ae3-8ca7-276260105c75,Unknown,,Unknown,macro,0,0,0,5,0,0,25.0,13714.4765625,0,0,1786713337.327393,0,0,0,0,0,{}
74363,ea8b1d32-6645-4ae3-8ca7-276260105c75,Unknown,,Unknown,macro,0,0,0,5,0,0,22.9,13726.015625,0,0,1786713332.2741818,0,0,0,0,0,{}
74362,ea8b1d32-6645-4ae3-8ca7-276260105c75,Unknown,,Unknown,macro,0,0,0,5,0,0,24.7,13713.45703125,0,0,1786713327.2576485,0,0,0,0,0,{}
74361,ea8b1d32-6645-4ae3-8ca7-276260105c75,Unknown,,Unknown,macro,0,0,0,5,0,0,21.6,13724.84375,0,0,1786713322.202555,0,0,0,0,0,{}
74360,ea8b1d32-6645-4ae3-8ca7-276260105c75,Unknown,,Unknown,macro,0,0,0,5,0,0,23.4,13712.50390625,0,0,1786713317.1419308,0,0,0,0,0,{}
74359,ea8b1d32-6645-4ae3-8ca7-276260105c75,Unknown,,Unknown,macro,0,0,0,5,0,0,22.3,13741.140625,0,0,1786713312.0737643,0,0,0,0,0,{}
74358,ea8b1d32-6645-4ae3-8ca7-276260105c75,Unknown,,Unknown,macro,0,0,0,5,0,0,22.4,13720.95703125,0,0,1786713307.0329802,0,0,0,0,0,{}
74357,ea8b1d32-6645-4ae3-8ca7-276260105c75,Unknown,,Unknown,macro,0,0,0,5,0,0,26.0,13744.7578125,0,0,1786713301.990287,0,0,0,0,0,{}
74356,ea8b1d32-6645-4ae3-8ca7-276260105c75,Unknown,,Unknown,macro,0,0,0,5,0,0,23.1,13760.03515625,0,0,1786713296.9266949,0,0,0,0,0,{}
74355,ea8b1d32-6645-4ae3-8ca7-276260105c75,Unknown,,Unknown,macro,0,0,0,5,0,0,26.1,13770.01171875,0,0,1786713291.9114723,0,0,0,0,0,{}
74354,ea8b1d32-6645-4ae3-8ca7-276260105c75,Unknown,,Unknown,macro,0,0,0,5,0,0,23.1,13787.18359375,0,0,1786713286.855388,0,0,0,0,0,{}
74353,ea8b1d32-6645-4ae3-8ca7-276260105c75,Unknown,,Unknown,macro,0,0,0,5,0,0,26.9,13753.19140625,0,0,1786713281.802175,0,0,0,0,0,{}
74352,ea8b1d32-6645-4ae3-8ca7-276260105c75,Unknown,,Unknown,macro,0,0,0,5,0,0,31.1,13778.6328125,0,0,1786713276.7855103,0,0,0,0,0,{}
74351,ea8b1d32-6645-4ae3-8ca7-276260105c75,Unknown,,Unknown,macro,0,0,0,5,0,0,31.2,13831.0390625,0,0,1786713271.7390614,0,0,0,0,0,{}
74350,ea8b1d32-6645-4ae3-8ca7-276260105c75,Unknown,,Unknown,macro,0,0,0,5,0,0,26.3,13755.19921875,0,0,1786713266.698912,0,0,0,0,0,{}
74349,ea8b1d32-6645-4ae3-8ca7-276260105c75,Unknown,,Unknown,micro_event,0,0,1,0,0,0,0.0,0.0,0,0,1786713262.691263,0,0,0,0,0,{}
74348,ea8b1d32-6645-4ae3-8ca7-276260105c75,Unknown,,Unknown,macro,0,0,0,5,0,0,0.0,13752.15234375,0,0,1786713261.6801136,0,0,0,0,0,{}
74347,ea8b1d32-6645-4ae3-8ca7-276260105c75,python.exe,,,macro,0,0,0,5,0,0,30.2,13977.46875,0,0,1786712710.716865,0,0,0,0,0,{}
74346,ea8b1d32-6645-4ae3-8ca7-276260105c75,Antigravity IDE.exe,,Antigravity IDE,macro,0,0,0,5,0,0,25.6,13963.55078125,0,0,1786712705.7019706,0,0,0,0,0,{}
74345,ea8b1d32-6645-4ae3-8ca7-276260105c75,Antigravity IDE.exe,,Antigravity IDE,macro,0,0,0,5,0,0,22.4,13988.43359375,0,0,1786712700.6623242,0,0,0,0,0,{}
74344,ea8b1d32-6645-4ae3-8ca7-276260105c75,Antigravity IDE.exe,,Antigravity IDE,macro,0,0,0,5,0,0,22.9,13966.953125,0,0,1786712695.6120486,0,0,0,0,0,{}
74343,ea8b1d32-6645-4ae3-8ca7-276260105c75,Antigravity IDE.exe,,Antigravity IDE,macro,0,0,0,5,0,0,37.2,14006.8515625,0,0,1786712690.5929956,0,0,0,0,0,{}
74342,ea8b1d32-6645-4ae3-8ca7-276260105c75,Antigravity IDE.exe,,Antigravity IDE,macro,0,0,0,5,0,0,27.7,14052.61328125,0,0,1786712685.539258,0,0,0,0,0,{}
74341,ea8b1d32-6645-4ae3-8ca7-276260105c75,Antigravity IDE.exe,,Antigravity IDE,macro,0,0,0,5,0,0,26.4,14008.6015625,0,0,1786712680.4899397,0,0,0,0,0,{}
74340,ea8b1d32-6645-4ae3-8ca7-276260105c75,Antigravity IDE.exe,,Antigravity IDE,macro,0,0,0,5,0,0,22.8,14014.796875,0,0,1786712675.436139,0,0,0,0,0,{}
74339,ea8b1d32-6645-4ae3-8ca7-276260105c75,Antigravity IDE.exe,,Antigravity IDE,macro,0,0,0,5,0,0,26.7,14056.59375,0,0,1786712670.38227,0,0,0,0,0,{}
74338,ea8b1d32-6645-4ae3-8ca7-276260105c75,Antigravity IDE.exe,,Antigravity IDE,macro,0,0,0,5,0,0,22.8,14068.8984375,0,0,1786712665.328911,0,0,0,0,0,{}
74337,ea8b1d32-6645-4ae3-8ca7-276260105c75,Antigravity IDE.exe,,Antigravity IDE,macro,0,0,0,5,0,0,27.8,14068.7890625,0,0,1786712660.2831035,0,0,0,0,0,{}
74336,ea8b1d32-6645-4ae3-8ca7-276260105c75,Antigravity IDE.exe,,Antigravity IDE,macro,0,0,0,5,0,0,31.2,14055.94921875,0,0,1786712655.2675123,0,0,0,0,0,{}
74335,ea8b1d32-6645-4ae3-8ca7-276260105c75,Antigravity IDE.exe,,Antigravity IDE,macro,0,0,0,5,0,0,25.3,14034.734375,0,0,1786712650.2279482,0,0,0,0,0,{}
74334,ea8b1d32-6645-4ae3-8ca7-276260105c75,Antigravity IDE.exe,,Antigravity IDE,macro,0,0,0,5,0,0,27.6,14113.171875,0,0,1786712645.2119677,0,0,0,0,0,{}
74333,ea8b1d32-6645-4ae3-8ca7-276260105c75,Antigravity IDE.exe,,Antigravity IDE,macro,0,0,0,5,0,0,24.7,14047.99609375,0,0,1786712640.1954205,0,0,0,0,0,{}
74332,ea8b1d32-6645-4ae3-8ca7-276260105c75,Antigravity IDE.exe,,Antigravity IDE,macro,0,0,0,5,0,0,25.2,14042.23046875,0,0,1786712635.1465328,0,0,0,0,0,{}
74331,ea8b1d32-6645-4ae3-8ca7-276260105c75,Antigravity IDE.exe,,Antigravity IDE,macro,0,0,0,5,0,0,23.0,14066.14453125,0,0,1786712630.1268196,0,0,0,0,0,{}
74330,ea8b1d32-6645-4ae3-8ca7-276260105c75,Antigravity IDE.exe,,Antigravity IDE,macro,0,0,0,5,0,0,30.0,14057.609375,0,0,1786712625.0734138,0,0,0,0,0,{}
74329,ea8b1d32-6645-4ae3-8ca7-276260105c75,Antigravity IDE.exe,,Antigravity IDE,macro,0,0,0,5,0,0,26.8,14042.6640625,0,0,1786712620.0418913,0,0,0,0,0,{}
74328,ea8b1d32-6645-4ae3-8ca7-276260105c75,Antigravity IDE.exe,,Antigravity IDE,macro,0,0,0,5,0,0,28.2,14089.3984375,0,0,1786712614.9871898,0,0,0,0,0,{}
74327,ea8b1d32-6645-4ae3-8ca7-276260105c75,Antigravity IDE.exe,,Antigravity IDE,macro,0,0,0,5,0,0,29.7,14056.08203125,0,0,1786712609.936841,0,0,0,0,0,{}
74326,ea8b1d32-6645-4ae3-8ca7-276260105c75,Antigravity IDE.exe,,Antigravity IDE,macro,0,0,0,5,0,0,28.0,14092.3203125,0,0,1786712604.8976293,0,0,0,0,0,{}
74325,ea8b1d32-6645-4ae3-8ca7-276260105c75,Antigravity IDE.exe,,Antigravity IDE,macro,0,0,0,5,0,0,37.6,14124.01953125,0,0,1786712599.848373,0,0,0,0,0,{}
74324,ea8b1d32-6645-4ae3-8ca7-276260105c75,Antigravity IDE.exe,,Antigravity IDE,macro,0,0,0,5,0,0,31.8,14081.578125,0,0,1786712594.8076952,0,0,0,0,0,{}
74323,ea8b1d32-6645-4ae3-8ca7-276260105c75,Antigravity IDE.exe,,Antigravity IDE,macro,0,0,0,5,0,0,36.2,14132.15625,0,0,1786712589.7891884,0,0,0,0,0,{}
74322,ea8b1d32-6645-4ae3-8ca7-276260105c75,Antigravity IDE.exe,,Antigravity IDE,macro,0,0,0,5,0,0,41.5,14137.04296875,0,0,1786712584.7478445,0,0,0,0,0,{}
74321,ea8b1d32-6645-4ae3-8ca7-276260105c75,Antigravity IDE.exe,,Antigravity IDE,macro,0,0,0,5,0,0,44.2,14101.1484375,0,0,1786712579.6963646,0,0,0,0,0,{}
74320,ea8b1d32-6645-4ae3-8ca7-276260105c75,Antigravity IDE.exe,,Antigravity IDE,macro,0,0,0,5,0,0,44.3,14019.3515625,0,0,1786712574.656419,0,0,0,0,0,{}
74319,ea8b1d32-6645-4ae3-8ca7-276260105c75,Antigravity IDE.exe,,Antigravity IDE,macro,0,0,0,5,0,0,30.7,14036.6875,0,0,1786712569.6392572,0,0,0,0,0,{}
74318,ea8b1d32-6645-4ae3-8ca7-276260105c75,Antigravity IDE.exe,,Antigravity IDE,macro,0,0,0,5,0,0,28.0,14036.98828125,0,0,1786712564.600626,0,0,0,0,0,{}
74317,ea8b1d32-6645-4ae3-8ca7-276260105c75,Antigravity IDE.exe,,Antigravity IDE,macro,0,0,0,5,0,0,27.7,13966.640625,0,0,1786712559.555825,0,0,0,0,0,{}
74316,ea8b1d32-6645-4ae3-8ca7-276260105c75,Antigravity IDE.exe,,Antigravity IDE,macro,0,0,0,5,0,0,25.9,13995.15625,0,0,1786712554.5098462,0,0,0,0,0,{}
74315,ea8b1d32-6645-4ae3-8ca7-276260105c75,Antigravity IDE.exe,,Antigravity IDE,macro,0,0,0,5,0,0,28.2,13995.66015625,0,0,1786712549.4434276,0,0,0,0,0,{}
74314,ea8b1d32-6645-4ae3-8ca7-276260105c75,Antigravity IDE.exe,,Antigravity IDE,macro,0,0,0,5,0,0,25.7,14008.91796875,0,0,1786712544.3936512,0,0,0,0,0,{}
74313,ea8b1d32-6645-4ae3-8ca7-276260105c75,Antigravity IDE.exe,,Antigravity IDE,macro,0,0,0,5,0,0,24.2,14026.6171875,0,0,1786712539.378203,0,0,0,0,0,{}
74312,ea8b1d32-6645-4ae3-8ca7-276260105c75,Antigravity IDE.exe,,Antigravity IDE,macro,0,0,0,5,0,0,32.8,14010.71875,0,0,1786712534.3258507,0,0,0,0,0,{}
74311,ea8b1d32-6645-4ae3-8ca7-276260105c75,Antigravity IDE.exe,,Antigravity IDE,macro,0,0,0,5,0,0,44.1,13949.80078125,0,0,1786712529.307924,0,0,0,0,0,{}
74310,ea8b1d32-6645-4ae3-8ca7-276260105c75,Unknown,,Unknown,micro_event,0,0,1,0,0,0,0.0,0.0,0,0,1786712528.8816447,0,0,0,0,0,{}
74309,ea8b1d32-6645-4ae3-8ca7-276260105c75,Unknown,,Unknown,macro,0,0,0,5,0,0,47.1,13990.390625,0,0,1786712524.2903552,0,0,0,0,0,{}
74308,ea8b1d32-6645-4ae3-8ca7-276260105c75,Unknown,,Unknown,macro,0,0,0,5,0,0,53.2,13999.43359375,0,0,1786712519.2532241,0,0,0,0,0,{}
74307,ea8b1d32-6645-4ae3-8ca7-276260105c75,Unknown,,Unknown,macro,0,0,0,5,0,0,37.9,14007.38671875,0,0,1786712514.194843,0,0,0,0,0,{}
74306,ea8b1d32-6645-4ae3-8ca7-276260105c75,Unknown,,Unknown,macro,0,0,0,5,0,0,42.5,13991.359375,0,0,1786712509.1757948,0,0,0,0,0,{}
74305,ea8b1d32-6645-4ae3-8ca7-276260105c75,Unknown,,Unknown,macro,0,0,0,5,0,0,55.5,14042.83203125,0,0,1786712504.1217015,0,0,0,0,0,{}
74304,ea8b1d32-6645-4ae3-8ca7-276260105c75,Unknown,,Unknown,macro,0,0,0,5,0,0,45.0,13996.19921875,0,0,1786712499.0636632,0,0,0,0,0,{}
74303,ea8b1d32-6645-4ae3-8ca7-276260105c75,Unknown,,Unknown,macro,0,0,0,5,0,0,49.1,13997.71484375,0,0,1786712494.0087924,0,0,0,0,0,{}
74302,ea8b1d32-6645-4ae3-8ca7-276260105c75,Unknown,,Unknown,macro,0,0,0,5,0,0,45.1,13992.81640625,0,0,1786712488.9425335,0,0,0,0,0,{}
74301,ea8b1d32-6645-4ae3-8ca7-276260105c75,Unknown,,Unknown,macro,0,0,0,5,0,0,36.6,14017.6640625,0,0,1786712483.8945446,0,0,0,0,0,{}
74300,ea8b1d32-6645-4ae3-8ca7-276260105c75,Unknown,,Unknown,macro,0,0,0,5,0,0,45.5,14045.5234375,0,0,1786712478.8470812,0,0,0,0,0,{}
74299,ea8b1d32-6645-4ae3-8ca7-276260105c75,Unknown,,Unknown,macro,0,0,0,5,0,0,44.2,14007.1328125,0,0,1786712473.827043,0,0,0,0,0,{}
74298,ea8b1d32-6645-4ae3-8ca7-276260105c75,Unknown,,Unknown,macro,0,0,0,5,0,0,43.5,14002.734375,0,0,1786712468.7697988,0,0,0,0,0,{}
74297,ea8b1d32-6645-4ae3-8ca7-276260105c75,Unknown,,Unknown,macro,0,0,0,5,0,0,44.9,13981.92578125,0,0,1786712463.7218044,0,0,0,0,0,{}
74296,ea8b1d32-6645-4ae3-8ca7-276260105c75,Unknown,,Unknown,macro,0,0,0,5,0,0,51.5,13979.6015625,0,0,1786712458.703544,0,0,0,0,0,{}
74295,ea8b1d32-6645-4ae3-8ca7-276260105c75,Unknown,,Unknown,macro,0,0,0,5,0,0,44.3,13998.19140625,0,0,1786712453.6655493,0,0,0,0,0,{}
74294,ea8b1d32-6645-4ae3-8ca7-276260105c75,Unknown,,Unknown,macro,0,0,0,5,0,0,35.5,14021.2109375,0,0,1786712448.6488924,0,0,0,0,0,{}
74293,ea8b1d32-6645-4ae3-8ca7-276260105c75,Unknown,,Unknown,macro,0,0,0,5,0,0,61.3,14013.21875,0,0,1786712443.623005,0,0,0,0,0,{}
74292,ea8b1d32-6645-4ae3-8ca7-276260105c75,Unknown,,Unknown,macro,0,0,0,5,0,0,44.5,14002.4609375,0,0,1786712438.5663965,0,0,0,0,0,{}
74291,ea8b1d32-6645-4ae3-8ca7-276260105c75,Unknown,,Unknown,macro,0,0,0,5,0,0,36.3,14022.859375,0,0,1786712433.517945,0,0,0,0,0,{}
74290,ea8b1d32-6645-4ae3-8ca7-276260105c75,Unknown,,Unknown,macro,0,0,0,5,0,0,45.6,14002.21484375,0,0,1786712428.4641252,0,0,0,0,0,{}
74289,ea8b1d32-6645-4ae3-8ca7-276260105c75,Unknown,,Unknown,macro,0,0,0,5,0,0,51.0,13983.37109375,0,0,1786712423.4452934,0,0,0,0,0,{}
74288,ea8b1d32-6645-4ae3-8ca7-276260105c75,Unknown,,Unknown,macro,0,0,0,5,0,0,44.1,13989.34765625,0,0,1786712418.392654,0,0,0,0,0,{}
74287,ea8b1d32-6645-4ae3-8ca7-276260105c75,Unknown,,Unknown,macro,0,0,0,5,0,0,47.0,13980.51171875,0,0,1786712413.3516567,0,0,0,0,0,{}
74286,ea8b1d32-6645-4ae3-8ca7-276260105c75,Unknown,,Unknown,macro,0,0,0,5,0,0,49.2,13985.92578125,0,0,1786712408.3191402,0,0,0,0,0,{}
74285,ea8b1d32-6645-4ae3-8ca7-276260105c75,Unknown,,Unknown,macro,0,0,0,5,0,0,45.9,14000.80859375,0,0,1786712403.2744994,0,0,0,0,0,{}
74284,ea8b1d32-6645-4ae3-8ca7-276260105c75,Unknown,,Unknown,macro,0,0,0,5,0,0,47.1,13980.0859375,0,0,1786712398.2300892,0,0,0,0,0,{}
74283,ea8b1d32-6645-4ae3-8ca7-276260105c75,Unknown,,Unknown,macro,0,0,0,5,0,0,51.8,13996.98046875,0,0,1786712393.1862884,0,0,0,0,0,{}
74282,ea8b1d32-6645-4ae3-8ca7-276260105c75,Unknown,,Unknown,macro,0,0,0,5,0,0,43.3,13985.671875,0,0,1786712388.1293788,0,0,0,0,0,{}
74281,ea8b1d32-6645-4ae3-8ca7-276260105c75,Unknown,,Unknown,macro,0,0,0,5,0,0,52.7,13992.7890625,0,0,1786712383.062075,0,0,0,0,0,{}
74280,ea8b1d32-6645-4ae3-8ca7-276260105c75,Unknown,,Unknown,macro,0,0,0,5,0,0,37.7,13980.7421875,0,0,1786712378.0025184,0,0,0,0,0,{}
74279,ea8b1d32-6645-4ae3-8ca7-276260105c75,Unknown,,Unknown,macro,0,0,0,5,0,0,39.1,13969.1875,0,0,1786712372.9828773,0,0,0,0,0,{}
74278,ea8b1d32-6645-4ae3-8ca7-276260105c75,Unknown,,Unknown,macro,0,0,0,5,0,0,38.0,13977.21875,0,0,1786712367.943928,0,0,0,0,0,{}
74277,ea8b1d32-6645-4ae3-8ca7-276260105c75,Unknown,,Unknown,macro,0,0,0,5,0,0,43.9,14006.47265625,0,0,1786712362.8817472,0,0,0,0,0,{}
74276,ea8b1d32-6645-4ae3-8ca7-276260105c75,Unknown,,Unknown,macro,0,0,0,5,0,0,38.3,14001.76171875,0,0,1786712357.8149593,0,0,0,0,0,{}
74275,ea8b1d32-6645-4ae3-8ca7-276260105c75,Unknown,,Unknown,macro,0,0,0,5,0,0,29.1,13966.92578125,0,0,1786712352.793476,0,0,0,0,0,{}
74274,ea8b1d32-6645-4ae3-8ca7-276260105c75,Unknown,,Unknown,macro,0,0,0,5,0,0,35.3,13940.78125,0,0,1786712347.7764597,0,0,0,0,0,{}
74273,ea8b1d32-6645-4ae3-8ca7-276260105c75,Unknown,,Unknown,macro,0,0,0,5,0,0,35.2,14002.25,0,0,1786712342.7283332,0,0,0,0,0,{}
74272,ea8b1d32-6645-4ae3-8ca7-276260105c75,Unknown,,Unknown,macro,0,0,0,5,0,0,36.3,13997.90234375,0,0,1786712337.684872,0,0,0,0,0,{}
74271,ea8b1d32-6645-4ae3-8ca7-276260105c75,Unknown,,Unknown,macro,0,0,0,5,0,0,33.3,14007.5234375,0,0,1786712332.625325,0,0,0,0,0,{}
74270,ea8b1d32-6645-4ae3-8ca7-276260105c75,Unknown,,Unknown,macro,0,0,0,5,0,0,40.0,13984.74609375,0,0,1786712327.5793958,0,0,0,0,0,{}
74269,ea8b1d32-6645-4ae3-8ca7-276260105c75,Unknown,,Unknown,macro,0,0,0,5,0,0,58.5,13985.22265625,0,0,1786712322.56046,0,0,0,0,0,{}
74268,ea8b1d32-6645-4ae3-8ca7-276260105c75,Unknown,,Unknown,macro,0,0,0,5,0,0,38.1,13946.26953125,0,0,1786712317.5058851,0,0,0,0,0,{}
74267,ea8b1d32-6645-4ae3-8ca7-276260105c75,Unknown,,Unknown,macro,0,0,0,5,0,0,35.5,13953.80078125,0,0,1786712312.4529562,0,0,0,0,0,{}
74266,ea8b1d32-6645-4ae3-8ca7-276260105c75,Unknown,,Unknown,macro,0,0,0,5,0,0,42.0,13995.79296875,0,0,1786712307.407928,0,0,0,0,0,{}
74265,ea8b1d32-6645-4ae3-8ca7-276260105c75,Unknown,,Unknown,macro,0,0,0,5,0,0,41.5,14002.9921875,0,0,1786712302.3498347,0,0,0,0,0,{}
74264,ea8b1d32-6645-4ae3-8ca7-276260105c75,Unknown,,Unknown,macro,0,0,0,5,0,0,38.6,13996.20703125,0,0,1786712297.290748,0,0,0,0,0,{}
74263,ea8b1d32-6645-4ae3-8ca7-276260105c75,Unknown,,Unknown,macro,0,0,0,5,0,0,38.3,14021.484375,0,0,1786712292.252128,0,0,0,0,0,{}
74262,ea8b1d32-6645-4ae3-8ca7-276260105c75,Unknown,,Unknown,macro,0,0,0,5,0,0,53.7,14001.90625,0,0,1786712287.211694,0,0,0,0,0,{}
74261,ea8b1d32-6645-4ae3-8ca7-276260105c75,Unknown,,Unknown,macro,0,0,0,5,0,0,53.5,14019.265625,0,0,1786712282.170107,0,0,0,0,0,{}
74260,ea8b1d32-6645-4ae3-8ca7-276260105c75,Unknown,,Unknown,macro,0,0,0,5,0,0,33.9,14020.1640625,0,0,1786712277.1086516,0,0,0,0,0,{}
74259,ea8b1d32-6645-4ae3-8ca7-276260105c75,Unknown,,Unknown,macro,0,0,0,5,0,0,36.4,14001.24609375,0,0,1786712272.0898027,0,0,0,0,0,{}
74258,ea8b1d32-6645-4ae3-8ca7-276260105c75,Unknown,,Unknown,macro,0,0,0,5,0,0,36.7,14003.48046875,0,0,1786712267.0509565,0,0,0,0,0,{}
74257,ea8b1d32-6645-4ae3-8ca7-276260105c75,Unknown,,Unknown,macro,0,0,0,5,0,0,49.3,14011.86328125,0,0,1786712262.0333073,0,0,0,0,0,{}
74256,ea8b1d32-6645-4ae3-8ca7-276260105c75,Unknown,,Unknown,macro,0,0,0,5,0,0,41.0,14029.24609375,0,0,1786712256.9817402,0,0,0,0,0,{}
74255,ea8b1d32-6645-4ae3-8ca7-276260105c75,Unknown,,Unknown,macro,0,0,0,5,0,0,40.5,14032.23046875,0,0,1786712251.933377,0,0,0,0,0,{}
74254,ea8b1d32-6645-4ae3-8ca7-276260105c75,Unknown,,Unknown,macro,0,0,0,5,0,0,40.5,14015.48828125,0,0,1786712246.915096,0,0,0,0,0,{}
74253,ea8b1d32-6645-4ae3-8ca7-276260105c75,Unknown,,Unknown,macro,0,0,0,5,0,0,35.8,13985.19140625,0,0,1786712241.868774,0,0,0,0,0,{}
74252,ea8b1d32-6645-4ae3-8ca7-276260105c75,Unknown,,Unknown,macro,0,0,0,5,0,0,44.2,13971.640625,0,0,1786712236.825995,0,0,0,0,0,{}
74251,ea8b1d32-6645-4ae3-8ca7-276260105c75,Unknown,,Unknown,macro,0,0,0,5,0,0,45.8,13965.578125,0,0,1786712231.7726958,0,0,0,0,0,{}
74250,ea8b1d32-6645-4ae3-8ca7-276260105c75,Unknown,,Unknown,macro,0,0,0,5,0,0,45.4,13973.0390625,0,0,1786712226.7181296,0,0,0,0,0,{}
74249,ea8b1d32-6645-4ae3-8ca7-276260105c75,Unknown,,Unknown,macro,0,0,0,5,0,0,42.9,13970.1875,0,0,1786712221.6978793,0,0,0,0,0,{}
74248,ea8b1d32-6645-4ae3-8ca7-276260105c75,Unknown,,Unknown,macro,0,0,0,5,0,0,42.3,13950.91796875,0,0,1786712216.6488984,0,0,0,0,0,{}
74247,ea8b1d32-6645-4ae3-8ca7-276260105c75,Antigravity IDE.exe,,Antigravity IDE,macro,0,0,0,5,0,0,23.4,13897.703125,0,0,1786712211.58971,0,0,0,0,0,{}
74246,ea8b1d32-6645-4ae3-8ca7-276260105c75,Antigravity IDE.exe,,Antigravity IDE,macro,0,0,0,5,0,0,20.9,13901.421875,0,0,1786712206.5620348,0,0,0,0,0,{}
74245,ea8b1d32-6645-4ae3-8ca7-276260105c75,Antigravity IDE.exe,,Antigravity IDE,macro,0,0,0,5,0,0,25.9,13903.9921875,0,0,1786712201.5021713,0,0,0,0,0,{}
74244,ea8b1d32-6645-4ae3-8ca7-276260105c75,Antigravity IDE.exe,,Antigravity IDE,macro,0,0,0,5,0,0,23.3,13923.734375,0,0,1786712196.4591515,0,0,0,0,0,{}
74243,ea8b1d32-6645-4ae3-8ca7-276260105c75,Antigravity IDE.exe,,Antigravity IDE,macro,0,0,0,5,0,0,25.8,13907.9296875,0,0,1786712191.3980103,0,0,0,0,0,{}
74242,ea8b1d32-6645-4ae3-8ca7-276260105c75,Antigravity IDE.exe,,Antigravity IDE,macro,0,0,0,5,0,0,21.3,13915.03515625,0,0,1786712186.3474061,0,0,0,0,0,{}
74241,ea8b1d32-6645-4ae3-8ca7-276260105c75,Antigravity IDE.exe,,Antigravity IDE,macro,0,0,0,5,0,0,26.7,13899.83203125,0,0,1786712181.3056905,0,0,0,0,0,{}
74240,ea8b1d32-6645-4ae3-8ca7-276260105c75,Antigravity IDE.exe,,Antigravity IDE,macro,0,0,0,5,0,0,24.1,13914.34765625,0,0,1786712176.270543,0,0,0,0,0,{}
74239,ea8b1d32-6645-4ae3-8ca7-276260105c75,Antigravity IDE.exe,,Antigravity IDE,macro,0,0,0,5,0,0,27.4,13907.890625,0,0,1786712171.2534285,0,0,0,0,0,{}
74238,ea8b1d32-6645-4ae3-8ca7-276260105c75,Antigravity IDE.exe,,Antigravity IDE,macro,0,0,0,5,0,0,23.5,13904.03125,0,0,1786712166.2126155,0,0,0,0,0,{}
74237,ea8b1d32-6645-4ae3-8ca7-276260105c75,Antigravity IDE.exe,,Antigravity IDE,macro,0,0,0,5,0,0,24.9,13915.63671875,0,0,1786712161.1486804,0,0,0,0,0,{}
74236,ea8b1d32-6645-4ae3-8ca7-276260105c75,Antigravity IDE.exe,,Antigravity IDE,macro,0,0,0,5,0,0,28.1,13923.546875,0,0,1786712156.1305118,0,0,0,0,0,{}
74235,ea8b1d32-6645-4ae3-8ca7-276260105c75,Antigravity IDE.exe,,Antigravity IDE,macro,0,0,0,5,0,0,23.7,13897.22265625,0,0,1786712151.0872064,0,0,0,0,0,{}
74234,ea8b1d32-6645-4ae3-8ca7-276260105c75,Antigravity IDE.exe,,Antigravity IDE,macro,0,0,0,5,0,0,24.0,13896.79296875,0,0,1786712146.0408611,0,0,0,0,0,{}
74233,ea8b1d32-6645-4ae3-8ca7-276260105c75,Antigravity IDE.exe,,Antigravity IDE,macro,0,0,0,5,0,0,38.8,13900.0,0,0,1786712140.9957445,0,0,0,0,0,{}
74232,ea8b1d32-6645-4ae3-8ca7-276260105c75,Antigravity IDE.exe,,Antigravity IDE,macro,0,0,0,5,0,0,27.6,13906.76953125,0,0,1786712135.9386964,0,0,0,0,0,{}
74231,ea8b1d32-6645-4ae3-8ca7-276260105c75,Antigravity IDE.exe,,Antigravity IDE,macro,0,0,0,5,0,0,23.9,13903.9609375,0,0,1786712130.9222355,0,0,0,0,0,{}
74230,ea8b1d32-6645-4ae3-8ca7-276260105c75,Antigravity IDE.exe,,Antigravity IDE,macro,0,0,0,5,0,0,22.3,13915.21484375,0,0,1786712125.877465,0,0,0,0,0,{}
74229,ea8b1d32-6645-4ae3-8ca7-276260105c75,Antigravity IDE.exe,,Antigravity IDE,macro,0,0,0,5,0,0,21.1,13907.82421875,0,0,1786712120.8619306,0,0,0,0,0,{}
74228,ea8b1d32-6645-4ae3-8ca7-276260105c75,Antigravity IDE.exe,,Antigravity IDE,macro,0,0,0,5,0,0,26.2,13927.71484375,0,0,1786712115.7854025,0,0,0,0,0,{}
74227,ea8b1d32-6645-4ae3-8ca7-276260105c75,Antigravity IDE.exe,,Antigravity IDE,macro,0,0,0,5,0,0,24.8,13908.20703125,0,0,1786712110.729945,0,0,0,0,0,{}
74226,ea8b1d32-6645-4ae3-8ca7-276260105c75,Antigravity IDE.exe,,Antigravity IDE,macro,0,0,0,5,0,0,25.2,13911.5078125,0,0,1786712105.7127345,0,0,0,0,0,{}
74225,ea8b1d32-6645-4ae3-8ca7-276260105c75,Antigravity IDE.exe,,Antigravity IDE,macro,0,0,0,5,0,0,23.3,13912.15234375,0,0,1786712100.6572506,0,0,0,0,0,{}
74224,ea8b1d32-6645-4ae3-8ca7-276260105c75,Antigravity IDE.exe,,Antigravity IDE,macro,0,0,0,5,0,0,25.5,13915.20703125,0,0,1786712095.6011312,0,0,0,0,0,{}
74223,ea8b1d32-6645-4ae3-8ca7-276260105c75,Antigravity IDE.exe,,Antigravity IDE,macro,0,0,0,5,0,0,22.3,13922.515625,0,0,1786712090.5587084,0,0,0,0,0,{}
74222,ea8b1d32-6645-4ae3-8ca7-276260105c75,Antigravity IDE.exe,,Antigravity IDE,macro,0,0,0,5,0,0,25.2,13913.41796875,0,0,1786712085.5147898,0,0,0,0,0,{}
74221,ea8b1d32-6645-4ae3-8ca7-276260105c75,Antigravity IDE.exe,,Antigravity IDE,macro,0,0,0,5,0,0,31.9,13935.21875,0,0,1786712080.4724174,0,0,0,0,0,{}
74220,ea8b1d32-6645-4ae3-8ca7-276260105c75,Antigravity IDE.exe,,Antigravity IDE,macro,0,0,0,5,0,0,24.0,13919.140625,0,0,1786712075.4323213,0,0,0,0,0,{}
74219,ea8b1d32-6645-4ae3-8ca7-276260105c75,Antigravity IDE.exe,,Antigravity IDE,macro,0,0,0,5,0,0,24.7,13922.3515625,0,0,1786712070.416046,0,0,0,0,0,{}
74218,ea8b1d32-6645-4ae3-8ca7-276260105c75,Antigravity IDE.exe,,Antigravity IDE,macro,0,0,0,5,0,0,23.4,13916.87890625,0,0,1786712065.393311,0,0,0,0,0,{}
74217,ea8b1d32-6645-4ae3-8ca7-276260105c75,Antigravity IDE.exe,,Antigravity IDE,macro,0,0,0,5,0,0,21.9,13891.015625,0,0,1786712060.377618,0,0,0,0,0,{}
74216,ea8b1d32-6645-4ae3-8ca7-276260105c75,Antigravity IDE.exe,,Antigravity IDE,macro,0,0,0,5,0,0,21.5,13904.58203125,0,0,1786712055.3618839,0,0,0,0,0,{}
74215,ea8b1d32-6645-4ae3-8ca7-276260105c75,Antigravity IDE.exe,,Antigravity IDE,macro,0,0,0,5,0,0,21.4,13885.14453125,0,0,1786712050.3444438,0,0,0,0,0,{}
74214,ea8b1d32-6645-4ae3-8ca7-276260105c75,Antigravity IDE.exe,,Antigravity IDE,macro,0,0,0,5,0,0,27.8,13905.3359375,0,0,1786712045.3238487,0,0,0,0,0,{}
74213,ea8b1d32-6645-4ae3-8ca7-276260105c75,Antigravity IDE.exe,,Antigravity IDE,macro,0,0,0,5,0,0,24.8,13945.90625,0,0,1786712040.3064065,0,0,0,0,0,{}
74212,ea8b1d32-6645-4ae3-8ca7-276260105c75,Antigravity IDE.exe,,Antigravity IDE,macro,0,0,0,5,0,0,23.9,13907.53125,0,0,1786712035.29112,0,0,0,0,0,{}
74211,ea8b1d32-6645-4ae3-8ca7-276260105c75,Antigravity IDE.exe,,Antigravity IDE,macro,0,0,0,5,0,0,25.4,13925.9921875,0,0,1786712030.2726076,0,0,0,0,0,{}
74210,ea8b1d32-6645-4ae3-8ca7-276260105c75,Antigravity IDE.exe,,Antigravity IDE,macro,0,0,0,5,0,0,24.1,13930.90234375,0,0,1786712025.2570968,0,0,0,0,0,{}
74209,ea8b1d32-6645-4ae3-8ca7-276260105c75,Antigravity IDE.exe,,Antigravity IDE,macro,0,0,0,5,0,0,23.6,13919.1328125,0,0,1786712020.2414541,0,0,0,0,0,{}
74208,ea8b1d32-6645-4ae3-8ca7-276260105c75,Antigravity IDE.exe,,Antigravity IDE,macro,0,0,0,5,0,0,25.8,13895.10546875,0,0,1786712015.2256117,0,0,0,0,0,{}
74207,ea8b1d32-6645-4ae3-8ca7-276260105c75,Antigravity IDE.exe,,Antigravity IDE,macro,0,0,0,5,0,0,25.3,13906.16796875,0,0,1786712010.2091618,0,0,0,0,0,{}
74206,ea8b1d32-6645-4ae3-8ca7-276260105c75,Antigravity IDE.exe,,Antigravity IDE,macro,0,0,0,5,0,0,27.9,13892.359375,0,0,1786712005.192637,0,0,0,0,0,{}
74205,ea8b1d32-6645-4ae3-8ca7-276260105c75,Antigravity IDE.exe,,Antigravity IDE,macro,0,0,0,5,0,0,25.7,13925.73828125,0,0,1786712000.1328127,0,0,0,0,0,{}
74204,ea8b1d32-6645-4ae3-8ca7-276260105c75,Antigravity IDE.exe,,Antigravity IDE,macro,0,0,0,5,0,0,22.0,13888.11328125,0,0,1786711995.0810833,0,0,0,0,0,{}
74203,ea8b1d32-6645-4ae3-8ca7-276260105c75,Antigravity IDE.exe,,Antigravity IDE,macro,0,0,0,5,0,0,24.1,13925.6328125,0,0,1786711990.0652997,0,0,0,0,0,{}
74202,ea8b1d32-6645-4ae3-8ca7-276260105c75,Antigravity IDE.exe,,Antigravity IDE,macro,0,0,0,5,0,0,25.7,13915.5390625,0,0,1786711985.0083287,0,0,0,0,0,{}
74201,ea8b1d32-6645-4ae3-8ca7-276260105c75,Antigravity IDE.exe,,Antigravity IDE,macro,0,0,0,5,0,0,25.3,13917.234375,0,0,1786711979.958009,0,0,0,0,0,{}
74200,ea8b1d32-6645-4ae3-8ca7-276260105c75,Antigravity IDE.exe,,Antigravity IDE,macro,0,0,0,5,0,0,23.7,13898.37109375,0,0,1786711974.9432855,0,0,0,0,0,{}
74199,ea8b1d32-6645-4ae3-8ca7-276260105c75,Antigravity IDE.exe,,Antigravity IDE,macro,0,0,0,5,0,0,23.8,13910.828125,0,0,1786711969.8927915,0,0,0,0,0,{}
74198,ea8b1d32-6645-4ae3-8ca7-276260105c75,Antigravity IDE.exe,,Antigravity IDE,macro,0,0,0,5,0,0,22.1,13915.69921875,0,0,1786711964.8550634,0,0,0,0,0,{}
74197,ea8b1d32-6645-4ae3-8ca7-276260105c75,Antigravity IDE.exe,,Antigravity IDE,macro,0,0,0,5,0,0,35.2,13901.14453125,0,0,1786711959.8080575,0,0,0,0,0,{}
74196,ea8b1d32-6645-4ae3-8ca7-276260105c75,Antigravity IDE.exe,,Antigravity IDE,macro,0,0,0,5,0,0,31.2,13948.296875,0,0,1786711954.7704134,0,0,0,0,0,{}
74195,ea8b1d32-6645-4ae3-8ca7-276260105c75,Antigravity IDE.exe,,Antigravity IDE,macro,0,0,0,5,0,0,26.3,13910.02734375,0,0,1786711949.7288322,0,0,0,0,0,{}
74194,ea8b1d32-6645-4ae3-8ca7-276260105c75,Antigravity IDE.exe,,Antigravity IDE,macro,0,0,0,5,0,0,20.3,13915.37890625,0,0,1786711944.707245,0,0,0,0,0,{}
74193,ea8b1d32-6645-4ae3-8ca7-276260105c75,Antigravity IDE.exe,,Antigravity IDE,macro,0,0,0,5,0,0,27.4,13922.94140625,0,0,1786711939.6678843,0,0,0,0,0,{}
74192,ea8b1d32-6645-4ae3-8ca7-276260105c75,Antigravity IDE.exe,,Antigravity IDE,macro,0,0,0,5,0,0,23.6,13929.3046875,0,0,1786711934.6282742,0,0,0,0,0,{}
74191,ea8b1d32-6645-4ae3-8ca7-276260105c75,Antigravity IDE.exe,,Antigravity IDE,macro,0,0,0,5,0,0,26.9,13927.34765625,0,0,1786711929.5860772,0,0,0,0,0,{}
74190,ea8b1d32-6645-4ae3-8ca7-276260105c75,Antigravity IDE.exe,,Antigravity IDE,macro,0,0,0,5,0,0,21.0,13939.6015625,0,0,1786711924.5613308,0,0,0,0,0,{}
74189,ea8b1d32-6645-4ae3-8ca7-276260105c75,Antigravity IDE.exe,,Antigravity IDE,macro,0,0,0,5,0,0,23.0,13919.078125,0,0,1786711919.5092843,0,0,0,0,0,{}
74188,ea8b1d32-6645-4ae3-8ca7-276260105c75,Antigravity IDE.exe,,Antigravity IDE,macro,0,0,0,5,0,0,26.7,13953.66796875,0,0,1786711914.449619,0,0,0,0,0,{}
74187,ea8b1d32-6645-4ae3-8ca7-276260105c75,Antigravity IDE.exe,,Antigravity IDE,macro,0,0,0,5,0,0,24.6,13913.9609375,0,0,1786711909.433818,0,0,0,0,0,{}
74186,ea8b1d32-6645-4ae3-8ca7-276260105c75,Antigravity IDE.exe,,Antigravity IDE,macro,0,0,0,5,0,0,23.5,13930.08203125,0,0,1786711904.38534,0,0,0,0,0,{}
74185,ea8b1d32-6645-4ae3-8ca7-276260105c75,Antigravity IDE.exe,,Antigravity IDE,macro,0,0,0,5,0,0,30.5,13916.24609375,0,0,1786711899.3373182,0,0,0,0,0,{}
74184,ea8b1d32-6645-4ae3-8ca7-276260105c75,Antigravity IDE.exe,,Antigravity IDE,macro,0,0,0,5,0,0,24.5,13927.55859375,0,0,1786711894.283446,0,0,0,0,0,{}
74183,ea8b1d32-6645-4ae3-8ca7-276260105c75,Antigravity IDE.exe,,Antigravity IDE,macro,0,0,0,5,0,0,24.1,13941.94140625,0,0,1786711889.2102127,0,0,0,0,0,{}
74182,ea8b1d32-6645-4ae3-8ca7-276260105c75,Antigravity IDE.exe,,Antigravity IDE,macro,0,0,0,5,0,0,24.0,13927.34375,0,0,1786711884.1326356,0,0,0,0,0,{}
74181,ea8b1d32-6645-4ae3-8ca7-276260105c75,Antigravity IDE.exe,,Antigravity IDE,macro,0,0,0,5,0,0,22.0,13927.95703125,0,0,1786711879.079194,0,0,0,0,0,{}
74180,ea8b1d32-6645-4ae3-8ca7-276260105c75,Antigravity IDE.exe,,Antigravity IDE,macro,0,0,0,5,0,0,24.3,13924.84375,0,0,1786711874.0629556,0,0,0,0,0,{}
74179,ea8b1d32-6645-4ae3-8ca7-276260105c75,Antigravity IDE.exe,,Antigravity IDE,macro,0,0,0,5,0,0,23.4,13915.01953125,0,0,1786711869.0245683,0,0,0,0,0,{}
74178,ea8b1d32-6645-4ae3-8ca7-276260105c75,Antigravity IDE.exe,,Antigravity IDE,macro,0,0,0,5,0,0,23.3,13932.42578125,0,0,1786711863.9756646,0,0,0,0,0,{}
74177,ea8b1d32-6645-4ae3-8ca7-276260105c75,Antigravity IDE.exe,,Antigravity IDE,macro,0,0,0,5,0,0,24.7,13892.83203125,0,0,1786711858.9598987,0,0,0,0,0,{}
74176,ea8b1d32-6645-4ae3-8ca7-276260105c75,Antigravity IDE.exe,,Antigravity IDE,macro,0,0,0,5,0,0,26.8,13907.765625,0,0,1786711853.9044,0,0,0,0,0,{}
74175,ea8b1d32-6645-4ae3-8ca7-276260105c75,Antigravity IDE.exe,,Antigravity IDE,macro,0,0,0,5,0,0,23.6,13926.28515625,0,0,1786711848.8606849,0,0,0,0,0,{}
74174,ea8b1d32-6645-4ae3-8ca7-276260105c75,Antigravity IDE.exe,,Antigravity IDE,macro,0,0,0,5,0,0,23.7,13929.1875,0,0,1786711843.7983348,0,0,0,0,0,{}
74173,ea8b1d32-6645-4ae3-8ca7-276260105c75,Antigravity IDE.exe,,Antigravity IDE,macro,0,0,0,5,0,0,24.2,13911.578125,0,0,1786711838.746574,0,0,0,0,0,{}
74172,ea8b1d32-6645-4ae3-8ca7-276260105c75,Antigravity IDE.exe,,Antigravity IDE,macro,0,0,0,5,0,0,26.6,13919.0234375,0,0,1786711833.6931157,0,0,0,0,0,{}
74171,ea8b1d32-6645-4ae3-8ca7-276260105c75,Antigravity IDE.exe,,Antigravity IDE,macro,0,0,0,5,0,0,22.2,13913.6328125,0,0,1786711828.63788,0,0,0,0,0,{}
74170,ea8b1d32-6645-4ae3-8ca7-276260105c75,Antigravity IDE.exe,,Antigravity IDE,macro,0,0,0,5,0,0,22.7,13917.671875,0,0,1786711823.619499,0,0,0,0,0,{}
74169,ea8b1d32-6645-4ae3-8ca7-276260105c75,Antigravity IDE.exe,,Antigravity IDE,macro,0,0,0,5,0,0,21.0,13919.14453125,0,0,1786711818.5608242,0,0,0,0,0,{}
74168,ea8b1d32-6645-4ae3-8ca7-276260105c75,Antigravity IDE.exe,,Antigravity IDE,macro,0,0,0,5,0,0,27.4,13944.28125,0,0,1786711813.5039918,0,0,0,0,0,{}
74167,ea8b1d32-6645-4ae3-8ca7-276260105c75,Antigravity IDE.exe,,Antigravity IDE,macro,0,0,0,5,0,0,23.1,13941.6953125,0,0,1786711808.4486296,0,0,0,0,0,{}
74166,ea8b1d32-6645-4ae3-8ca7-276260105c75,Antigravity IDE.exe,,Antigravity IDE,macro,0,0,0,5,0,0,24.5,13948.9140625,0,0,1786711803.3889186,0,0,0,0,0,{}
74165,ea8b1d32-6645-4ae3-8ca7-276260105c75,Antigravity IDE.exe,,Antigravity IDE,macro,0,0,0,5,0,0,23.9,13961.37890625,0,0,1786711798.3742602,0,0,0,0,0,{}
74164,ea8b1d32-6645-4ae3-8ca7-276260105c75,Antigravity IDE.exe,,Antigravity IDE,macro,0,0,0,5,0,0,25.1,13927.578125,0,0,1786711793.3091545,0,0,0,0,0,{}
74163,ea8b1d32-6645-4ae3-8ca7-276260105c75,Antigravity IDE.exe,,Antigravity IDE,macro,0,0,0,5,0,0,26.6,13931.36328125,0,0,1786711788.292962,0,0,0,0,0,{}
74162,ea8b1d32-6645-4ae3-8ca7-276260105c75,Antigravity IDE.exe,,Antigravity IDE,macro,0,0,0,5,0,0,24.5,13913.50390625,0,0,1786711783.2405744,0,0,0,0,0,{}
74161,ea8b1d32-6645-4ae3-8ca7-276260105c75,Antigravity IDE.exe,,Antigravity IDE,macro,0,0,0,5,0,0,26.6,13907.39453125,0,0,1786711778.1962214,0,0,0,0,0,{}
74160,ea8b1d32-6645-4ae3-8ca7-276260105c75,Antigravity IDE.exe,,Antigravity IDE,macro,0,0,0,5,0,0,37.8,13920.36328125,0,0,1786711773.1763778,0,0,0,0,0,{}
74159,ea8b1d32-6645-4ae3-8ca7-276260105c75,Antigravity IDE.exe,,Antigravity IDE,macro,0,0,0,5,0,0,25.6,13893.84765625,0,0,1786711768.1324296,0,0,0,0,0,{}
74158,ea8b1d32-6645-4ae3-8ca7-276260105c75,Antigravity IDE.exe,,Antigravity IDE,macro,0,0,0,5,0,0,24.2,13896.9375,0,0,1786711763.0858343,0,0,0,0,0,{}
74157,ea8b1d32-6645-4ae3-8ca7-276260105c75,Antigravity IDE.exe,,Antigravity IDE,macro,0,0,0,5,0,0,29.8,13929.03125,0,0,1786711758.07046,0,0,0,0,0,{}
74156,ea8b1d32-6645-4ae3-8ca7-276260105c75,Antigravity IDE.exe,,Antigravity IDE,macro,0,0,0,5,0,0,28.0,13938.6640625,0,0,1786711753.0566745,0,0,0,0,0,{}
74155,ea8b1d32-6645-4ae3-8ca7-276260105c75,Antigravity IDE.exe,,Antigravity IDE,macro,0,0,0,5,0,0,27.4,13932.86328125,0,0,1786711748.0410092,0,0,0,0,0,{}
74154,ea8b1d32-6645-4ae3-8ca7-276260105c75,Antigravity IDE.exe,,Antigravity IDE,macro,0,0,0,5,0,0,23.7,14016.4765625,0,0,1786711742.9816723,0,0,0,0,0,{}
74153,ea8b1d32-6645-4ae3-8ca7-276260105c75,Antigravity IDE.exe,,Antigravity IDE,macro,0,0,0,5,0,0,25.2,14058.3046875,0,0,1786711737.9159665,0,0,0,0,0,{}
74152,ea8b1d32-6645-4ae3-8ca7-276260105c75,Antigravity IDE.exe,,Antigravity IDE,macro,0,0,0,5,0,0,23.7,14050.51953125,0,0,1786711732.8683705,0,0,0,0,0,{}
74151,ea8b1d32-6645-4ae3-8ca7-276260105c75,Antigravity IDE.exe,,Antigravity IDE,macro,0,0,0,5,0,0,24.7,14051.921875,0,0,1786711727.8049304,0,0,0,0,0,{}
74150,ea8b1d32-6645-4ae3-8ca7-276260105c75,Antigravity IDE.exe,,Antigravity IDE,macro,0,0,0,5,0,0,22.9,14055.94921875,0,0,1786711722.7873635,0,0,0,0,0,{}
74149,ea8b1d32-6645-4ae3-8ca7-276260105c75,Antigravity IDE.exe,,Antigravity IDE,macro,0,0,0,5,0,0,32.2,14067.80078125,0,0,1786711717.761428,0,0,0,0,0,{}
74148,ea8b1d32-6645-4ae3-8ca7-276260105c75,Antigravity IDE.exe,,Antigravity IDE,macro,0,0,0,5,0,0,25.6,14021.75,0,0,1786711712.745686,0,0,0,0,0,{}
74147,ea8b1d32-6645-4ae3-8ca7-276260105c75,Antigravity IDE.exe,,Antigravity IDE,macro,0,0,0,5,0,0,25.9,14056.90234375,0,0,1786711707.7300599,0,0,0,0,0,{}
74146,ea8b1d32-6645-4ae3-8ca7-276260105c75,Antigravity IDE.exe,,Antigravity IDE,macro,0,0,0,5,0,0,28.0,14052.13671875,0,0,1786711702.6908214,0,0,0,0,0,{}
74145,ea8b1d32-6645-4ae3-8ca7-276260105c75,Antigravity IDE.exe,,Antigravity IDE,macro,0,0,0,5,0,0,22.2,14071.81640625,0,0,1786711697.6753025,0,0,0,0,0,{}
74144,ea8b1d32-6645-4ae3-8ca7-276260105c75,Antigravity IDE.exe,,Antigravity IDE,macro,0,0,0,5,0,0,26.8,14081.3125,0,0,1786711692.6568835,0,0,0,0,0,{}
74143,ea8b1d32-6645-4ae3-8ca7-276260105c75,Antigravity IDE.exe,,Antigravity IDE,macro,0,0,0,5,0,0,25.8,14083.2578125,0,0,1786711687.6186852,0,0,0,0,0,{}
74142,ea8b1d32-6645-4ae3-8ca7-276260105c75,Antigravity IDE.exe,,Antigravity IDE,macro,0,0,0,5,0,0,37.7,14066.625,0,0,1786711682.603714,0,0,0,0,0,{}
74141,ea8b1d32-6645-4ae3-8ca7-276260105c75,Antigravity IDE.exe,,Antigravity IDE,macro,0,0,0,5,0,0,22.5,13952.45703125,0,0,1786711677.5515418,0,0,0,0,0,{}
74140,ea8b1d32-6645-4ae3-8ca7-276260105c75,Antigravity IDE.exe,,Antigravity IDE,macro,0,0,0,5,0,0,26.9,13969.15234375,0,0,1786711672.5142155,0,0,0,0,0,{}
74139,ea8b1d32-6645-4ae3-8ca7-276260105c75,Antigravity IDE.exe,,Antigravity IDE,macro,0,0,0,5,0,0,23.2,13941.6796875,0,0,1786711667.475938,0,0,0,0,0,{}
74138,ea8b1d32-6645-4ae3-8ca7-276260105c75,Antigravity IDE.exe,,Antigravity IDE,macro,0,0,0,5,0,0,25.3,14029.8515625,0,0,1786711662.4312246,0,0,0,0,0,{}
74137,ea8b1d32-6645-4ae3-8ca7-276260105c75,Antigravity IDE.exe,,Antigravity IDE,macro,0,0,0,5,0,0,31.0,14048.37890625,0,0,1786711657.4157462,0,0,0,0,0,{}
74136,ea8b1d32-6645-4ae3-8ca7-276260105c75,Antigravity IDE.exe,,Antigravity IDE,macro,0,0,0,5,0,0,25.0,13936.62890625,0,0,1786711652.3192282,0,0,0,0,0,{}
74135,ea8b1d32-6645-4ae3-8ca7-276260105c75,Antigravity IDE.exe,,Antigravity IDE,macro,0,0,0,5,0,0,22.7,13917.97265625,0,0,1786711647.2599845,0,0,0,0,0,{}
74134,ea8b1d32-6645-4ae3-8ca7-276260105c75,Antigravity IDE.exe,,Antigravity IDE,macro,0,0,0,5,0,0,25.0,13921.15234375,0,0,1786711642.24427,0,0,0,0,0,{}
74133,ea8b1d32-6645-4ae3-8ca7-276260105c75,Antigravity IDE.exe,,Antigravity IDE,macro,0,0,0,5,0,0,23.0,13933.4375,0,0,1786711637.193692,0,0,0,0,0,{}
74132,ea8b1d32-6645-4ae3-8ca7-276260105c75,Antigravity IDE.exe,,Antigravity IDE,macro,0,0,0,5,0,0,24.6,13919.27734375,0,0,1786711632.1542485,0,0,0,0,0,{}
74131,ea8b1d32-6645-4ae3-8ca7-276260105c75,Antigravity IDE.exe,,Antigravity IDE,macro,0,0,0,5,0,0,18.9,13931.23828125,0,0,1786711627.1384053,0,0,0,0,0,{}
74130,ea8b1d32-6645-4ae3-8ca7-276260105c75,Antigravity IDE.exe,,Antigravity IDE,macro,0,0,0,5,0,0,24.2,13889.43359375,0,0,1786711622.0832453,0,0,0,0,0,{}
74129,ea8b1d32-6645-4ae3-8ca7-276260105c75,Antigravity IDE.exe,,Antigravity IDE,macro,0,0,0,5,0,0,22.5,13893.0,0,0,1786711617.0432396,0,0,0,0,0,{}
74128,ea8b1d32-6645-4ae3-8ca7-276260105c75,Antigravity IDE.exe,,Antigravity IDE,macro,0,0,0,5,0,0,26.3,13886.73046875,0,0,1786711611.9984026,0,0,0,0,0,{}
74127,ea8b1d32-6645-4ae3-8ca7-276260105c75,Antigravity IDE.exe,,Antigravity IDE,macro,0,0,0,5,0,0,22.7,13917.96484375,0,0,1786711606.9805784,0,0,0,0,0,{}
74126,ea8b1d32-6645-4ae3-8ca7-276260105c75,Antigravity IDE.exe,,Antigravity IDE,macro,0,0,0,5,0,0,25.1,13961.0546875,0,0,1786711601.921961,0,0,0,0,0,{}
74125,ea8b1d32-6645-4ae3-8ca7-276260105c75,Antigravity IDE.exe,,Antigravity IDE,macro,0,0,0,5,0,0,22.0,13942.38671875,0,0,1786711596.8709848,0,0,0,0,0,{}
74124,ea8b1d32-6645-4ae3-8ca7-276260105c75,Antigravity IDE.exe,,Antigravity IDE,macro,0,0,0,5,0,0,41.2,13971.95703125,0,0,1786711591.8560011,0,0,0,0,0,{}
74123,ea8b1d32-6645-4ae3-8ca7-276260105c75,Antigravity IDE.exe,,Antigravity IDE,macro,0,0,0,5,0,0,23.9,14006.41015625,0,0,1786711586.80822,0,0,0,0,0,{}
74122,ea8b1d32-6645-4ae3-8ca7-276260105c75,Antigravity IDE.exe,,Antigravity IDE,macro,0,0,0,5,0,0,25.8,14055.66796875,0,0,1786711581.757098,0,0,0,0,0,{}
74121,ea8b1d32-6645-4ae3-8ca7-276260105c75,Antigravity IDE.exe,,Antigravity IDE,macro,0,0,0,5,0,0,26.6,14138.94921875,0,0,1786711576.6924596,0,0,0,0,0,{}
74120,ea8b1d32-6645-4ae3-8ca7-276260105c75,Antigravity IDE.exe,,Antigravity IDE,macro,0,0,0,5,0,0,27.2,14095.41015625,0,0,1786711571.6361556,0,0,0,0,0,{}
74119,ea8b1d32-6645-4ae3-8ca7-276260105c75,Antigravity IDE.exe,,Antigravity IDE,macro,0,0,0,5,0,0,22.7,14012.2578125,0,0,1786711566.6204307,0,0,0,0,0,{}
74118,ea8b1d32-6645-4ae3-8ca7-276260105c75,Antigravity IDE.exe,,Antigravity IDE,macro,0,0,0,5,0,0,21.6,13993.1015625,0,0,1786711561.5815554,0,0,0,0,0,{}
74117,ea8b1d32-6645-4ae3-8ca7-276260105c75,Antigravity IDE.exe,,Antigravity IDE,macro,0,0,0,5,0,0,27.8,13985.2265625,0,0,1786711556.5406737,0,0,0,0,0,{}
74116,ea8b1d32-6645-4ae3-8ca7-276260105c75,Antigravity IDE.exe,,Antigravity IDE,macro,0,0,0,5,0,0,20.6,14027.48046875,0,0,1786711551.4960203,0,0,0,0,0,{}
74115,ea8b1d32-6645-4ae3-8ca7-276260105c75,Antigravity IDE.exe,,Antigravity IDE,macro,0,0,0,5,0,0,19.8,14043.8515625,0,0,1786711546.4251835,0,0,0,0,0,{}
74114,ea8b1d32-6645-4ae3-8ca7-276260105c75,Antigravity IDE.exe,,Antigravity IDE,macro,0,0,0,5,0,0,22.5,14027.41796875,0,0,1786711541.387587,0,0,0,0,0,{}
74113,ea8b1d32-6645-4ae3-8ca7-276260105c75,Antigravity IDE.exe,,Antigravity IDE,macro,0,0,0,5,0,0,32.2,14005.359375,0,0,1786711536.347667,0,0,0,0,0,{}
74112,ea8b1d32-6645-4ae3-8ca7-276260105c75,Antigravity IDE.exe,,Antigravity IDE,macro,0,0,0,5,0,0,28.3,13914.0546875,0,0,1786711531.3065107,0,0,0,0,0,{}
74111,ea8b1d32-6645-4ae3-8ca7-276260105c75,Antigravity IDE.exe,,Antigravity IDE,macro,0,0,0,5,0,0,23.1,13990.09765625,0,0,1786711526.2868636,0,0,0,0,0,{}
74110,ea8b1d32-6645-4ae3-8ca7-276260105c75,Antigravity IDE.exe,,Antigravity IDE,macro,0,0,0,5,0,0,23.5,13974.78125,0,0,1786711521.2410963,0,0,0,0,0,{}
74109,ea8b1d32-6645-4ae3-8ca7-276260105c75,Antigravity IDE.exe,,Antigravity IDE,macro,0,0,0,5,0,0,24.3,13998.99609375,0,0,1786711516.203467,0,0,0,0,0,{}
74108,ea8b1d32-6645-4ae3-8ca7-276260105c75,Antigravity IDE.exe,,Antigravity IDE,macro,0,0,0,5,0,0,20.2,13992.76171875,0,0,1786711511.157168,0,0,0,0,0,{}
74107,ea8b1d32-6645-4ae3-8ca7-276260105c75,Antigravity IDE.exe,,Antigravity IDE,macro,0,0,0,5,0,0,25.5,13974.12109375,0,0,1786711506.1098936,0,0,0,0,0,{}
74106,ea8b1d32-6645-4ae3-8ca7-276260105c75,Antigravity IDE.exe,,Antigravity IDE,macro,0,0,0,5,0,0,21.9,13918.328125,0,0,1786711501.0618904,0,0,0,0,0,{}
74105,ea8b1d32-6645-4ae3-8ca7-276260105c75,Antigravity IDE.exe,,Antigravity IDE,macro,0,0,0,5,0,0,28.7,13960.03515625,0,0,1786711496.021058,0,0,0,0,0,{}
74104,ea8b1d32-6645-4ae3-8ca7-276260105c75,Antigravity IDE.exe,,Antigravity IDE,macro,0,0,0,5,0,0,21.3,14065.80859375,0,0,1786711490.997241,0,0,0,0,0,{}
74103,ea8b1d32-6645-4ae3-8ca7-276260105c75,Antigravity IDE.exe,,Antigravity IDE,macro,0,0,0,5,0,0,32.6,14013.984375,0,0,1786711485.979551,0,0,0,0,0,{}
74102,ea8b1d32-6645-4ae3-8ca7-276260105c75,Antigravity IDE.exe,,Antigravity IDE,macro,0,0,0,5,0,0,24.6,13999.1484375,0,0,1786711480.942139,0,0,0,0,0,{}
74101,ea8b1d32-6645-4ae3-8ca7-276260105c75,Antigravity IDE.exe,,Antigravity IDE,macro,0,0,0,5,0,0,19.4,14015.28125,0,0,1786711475.8980393,0,0,0,0,0,{}
74100,ea8b1d32-6645-4ae3-8ca7-276260105c75,Antigravity IDE.exe,,Antigravity IDE,macro,0,0,0,5,0,0,25.4,14017.078125,0,0,1786711470.861983,0,0,0,0,0,{}
74099,ea8b1d32-6645-4ae3-8ca7-276260105c75,Antigravity IDE.exe,,Antigravity IDE,macro,0,0,0,5,0,0,22.9,13968.22265625,0,0,1786711465.822193,0,0,0,0,0,{}
74098,ea8b1d32-6645-4ae3-8ca7-276260105c75,Antigravity IDE.exe,,Antigravity IDE,macro,0,0,0,5,0,0,24.0,13922.93359375,0,0,1786711460.771084,0,0,0,0,0,{}
74097,ea8b1d32-6645-4ae3-8ca7-276260105c75,Antigravity IDE.exe,,Antigravity IDE,macro,0,0,0,5,0,0,21.8,13933.609375,0,0,1786711455.7258658,0,0,0,0,0,{}
74096,ea8b1d32-6645-4ae3-8ca7-276260105c75,Antigravity IDE.exe,,Antigravity IDE,macro,0,0,0,5,0,0,24.9,13922.68359375,0,0,1786711450.7091365,0,0,0,0,0,{}
74095,ea8b1d32-6645-4ae3-8ca7-276260105c75,Antigravity IDE.exe,,Antigravity IDE,macro,0,0,0,5,0,0,20.6,13915.4453125,0,0,1786711445.6573718,0,0,0,0,0,{}
74094,ea8b1d32-6645-4ae3-8ca7-276260105c75,Antigravity IDE.exe,,Antigravity IDE,macro,0,0,0,5,0,0,28.6,13908.63671875,0,0,1786711440.6126242,0,0,0,0,0,{}
74093,ea8b1d32-6645-4ae3-8ca7-276260105c75,Antigravity IDE.exe,,Antigravity IDE,macro,0,0,0,5,0,0,18.2,13977.6171875,0,0,1786711435.5731926,0,0,0,0,0,{}
74092,ea8b1d32-6645-4ae3-8ca7-276260105c75,Antigravity IDE.exe,,Antigravity IDE,macro,0,0,0,5,0,0,20.7,13989.796875,0,0,1786711430.5204966,0,0,0,0,0,{}
74091,ea8b1d32-6645-4ae3-8ca7-276260105c75,Antigravity IDE.exe,,Antigravity IDE,macro,0,0,0,5,0,0,21.8,13995.6328125,0,0,1786711425.4725256,0,0,0,0,0,{}
74090,ea8b1d32-6645-4ae3-8ca7-276260105c75,Antigravity IDE.exe,,Antigravity IDE,macro,0,0,0,5,0,0,22.8,14000.83984375,0,0,1786711420.4257634,0,0,0,0,0,{}
74089,ea8b1d32-6645-4ae3-8ca7-276260105c75,Antigravity IDE.exe,,Antigravity IDE,macro,0,0,0,5,0,0,24.5,13999.38671875,0,0,1786711415.3828557,0,0,0,0,0,{}
74088,ea8b1d32-6645-4ae3-8ca7-276260105c75,Antigravity IDE.exe,,Antigravity IDE,macro,0,0,0,5,0,0,39.8,14000.30078125,0,0,1786711410.3664906,0,0,0,0,0,{}
74087,ea8b1d32-6645-4ae3-8ca7-276260105c75,Antigravity IDE.exe,,Antigravity IDE,macro,0,0,0,5,0,0,23.2,14042.25390625,0,0,1786711405.3318455,0,0,0,0,0,{}
74086,ea8b1d32-6645-4ae3-8ca7-276260105c75,Antigravity IDE.exe,,Antigravity IDE,macro,0,0,0,5,0,0,25.2,14018.73046875,0,0,1786711400.3001616,0,0,0,0,0,{}
74085,ea8b1d32-6645-4ae3-8ca7-276260105c75,Antigravity IDE.exe,,Antigravity IDE,macro,0,0,0,5,0,0,18.9,14091.54296875,0,0,1786711395.2576525,0,0,0,0,0,{}
74084,ea8b1d32-6645-4ae3-8ca7-276260105c75,Antigravity IDE.exe,,Antigravity IDE,macro,0,0,0,5,0,0,27.2,14124.3203125,0,0,1786711390.2171204,0,0,0,0,0,{}
74083,ea8b1d32-6645-4ae3-8ca7-276260105c75,Antigravity IDE.exe,,Antigravity IDE,macro,0,0,0,5,0,0,21.2,14092.62890625,0,0,1786711385.1747491,0,0,0,0,0,{}
74082,ea8b1d32-6645-4ae3-8ca7-276260105c75,Antigravity IDE.exe,,Antigravity IDE,macro,0,0,0,5,0,0,25.5,14085.6484375,0,0,1786711380.137937,0,0,0,0,0,{}
74081,ea8b1d32-6645-4ae3-8ca7-276260105c75,Antigravity IDE.exe,,Antigravity IDE,macro,0,0,0,5,0,0,16.7,14101.6015625,0,0,1786711375.0995355,0,0,0,0,0,{}
74080,ea8b1d32-6645-4ae3-8ca7-276260105c75,Antigravity IDE.exe,,Antigravity IDE,macro,0,0,0,5,0,0,32.6,14088.1484375,0,0,1786711370.0450752,0,0,0,0,0,{}
74079,ea8b1d32-6645-4ae3-8ca7-276260105c75,Antigravity IDE.exe,,Antigravity IDE,macro,0,0,0,5,0,0,16.9,14072.69140625,0,0,1786711365.0071576,0,0,0,0,0,{}
74078,ea8b1d32-6645-4ae3-8ca7-276260105c75,Antigravity IDE.exe,,Antigravity IDE,macro,0,0,0,5,0,0,33.4,14085.0078125,0,0,1786711359.990771,0,0,0,0,0,{}
74077,ea8b1d32-6645-4ae3-8ca7-276260105c75,Antigravity IDE.exe,,Antigravity IDE,macro,0,0,0,5,0,0,27.6,14130.95703125,0,0,1786711354.9488413,0,0,0,0,0,{}
74076,ea8b1d32-6645-4ae3-8ca7-276260105c75,Antigravity IDE.exe,,Antigravity IDE,macro,0,0,0,5,0,0,37.2,14100.3046875,0,0,1786711349.9321973,0,0,0,0,0,{}
74075,ea8b1d32-6645-4ae3-8ca7-276260105c75,Antigravity IDE.exe,,Antigravity IDE,macro,0,0,0,5,0,0,21.8,14025.1484375,0,0,1786711344.8919106,0,0,0,0,0,{}
74074,ea8b1d32-6645-4ae3-8ca7-276260105c75,Antigravity IDE.exe,,Antigravity IDE,macro,0,0,0,5,0,0,24.8,14000.15625,0,0,1786711339.8494408,0,0,0,0,0,{}
74073,ea8b1d32-6645-4ae3-8ca7-276260105c75,Antigravity IDE.exe,,Antigravity IDE,macro,0,0,0,5,0,0,24.7,13988.21875,0,0,1786711334.8344846,0,0,0,0,0,{}
74072,ea8b1d32-6645-4ae3-8ca7-276260105c75,Antigravity IDE.exe,,Antigravity IDE,macro,0,0,0,5,0,0,17.7,14008.50390625,0,0,1786711329.8194902,0,0,0,0,0,{}
74071,ea8b1d32-6645-4ae3-8ca7-276260105c75,Antigravity IDE.exe,,Antigravity IDE,macro,0,0,0,5,0,0,27.2,14010.15625,0,0,1786711324.7844775,0,0,0,0,0,{}
74070,ea8b1d32-6645-4ae3-8ca7-276260105c75,Antigravity IDE.exe,,Antigravity IDE,macro,0,0,0,5,0,0,23.3,13993.3671875,0,0,1786711319.7312577,0,0,0,0,0,{}
74069,ea8b1d32-6645-4ae3-8ca7-276260105c75,Antigravity IDE.exe,,Antigravity IDE,macro,0,0,0,5,0,0,19.7,13983.7890625,0,0,1786711314.7150974,0,0,0,0,0,{}
74068,ea8b1d32-6645-4ae3-8ca7-276260105c75,Antigravity IDE.exe,,Antigravity IDE,macro,0,0,0,5,0,0,28.4,14009.1796875,0,0,1786711309.6975315,0,0,0,0,0,{}
74067,ea8b1d32-6645-4ae3-8ca7-276260105c75,Antigravity IDE.exe,,Antigravity IDE,macro,0,0,0,5,0,0,20.9,13959.39453125,0,0,1786711304.6601775,0,0,0,0,0,{}
74066,ea8b1d32-6645-4ae3-8ca7-276260105c75,Antigravity IDE.exe,,Antigravity IDE,macro,0,0,0,5,0,0,25.5,13935.72265625,0,0,1786711299.6152213,0,0,0,0,0,{}
74065,ea8b1d32-6645-4ae3-8ca7-276260105c75,Antigravity IDE.exe,,Antigravity IDE,macro,0,0,0,5,0,0,30.5,13938.234375,0,0,1786711294.568665,0,0,0,0,0,{}
74064,ea8b1d32-6645-4ae3-8ca7-276260105c75,Antigravity IDE.exe,,Antigravity IDE,macro,0,0,0,5,0,0,24.5,13928.20703125,0,0,1786711289.523205,0,0,0,0,0,{}
74063,ea8b1d32-6645-4ae3-8ca7-276260105c75,Antigravity IDE.exe,,Antigravity IDE,macro,0,0,0,5,0,0,21.4,13944.4140625,0,0,1786711284.479512,0,0,0,0,0,{}
74062,ea8b1d32-6645-4ae3-8ca7-276260105c75,Antigravity IDE.exe,,Antigravity IDE,macro,0,0,0,5,0,0,20.6,13965.609375,0,0,1786711279.4368207,0,0,0,0,0,{}
74061,ea8b1d32-6645-4ae3-8ca7-276260105c75,Antigravity IDE.exe,,Antigravity IDE,macro,0,0,0,5,0,0,21.5,13944.10546875,0,0,1786711274.3869426,0,0,0,0,0,{}
74060,ea8b1d32-6645-4ae3-8ca7-276260105c75,Antigravity IDE.exe,,Antigravity IDE,macro,0,0,0,5,0,0,18.1,13952.5,0,0,1786711269.3449187,0,0,0,0,0,{}
74059,ea8b1d32-6645-4ae3-8ca7-276260105c75,Antigravity IDE.exe,,Antigravity IDE,macro,0,0,0,5,0,0,26.5,13946.72265625,0,0,1786711264.298431,0,0,0,0,0,{}
74058,ea8b1d32-6645-4ae3-8ca7-276260105c75,Antigravity IDE.exe,,Antigravity IDE,macro,0,0,0,5,0,0,19.4,13956.30078125,0,0,1786711259.2838526,0,0,0,0,0,{}
74057,ea8b1d32-6645-4ae3-8ca7-276260105c75,Antigravity IDE.exe,,Antigravity IDE,macro,0,0,0,5,0,0,29.5,13942.6171875,0,0,1786711254.229136,0,0,0,0,0,{}
74056,ea8b1d32-6645-4ae3-8ca7-276260105c75,Antigravity IDE.exe,,Antigravity IDE,macro,0,0,0,5,0,0,20.0,13942.45703125,0,0,1786711249.18128,0,0,0,0,0,{}
74055,ea8b1d32-6645-4ae3-8ca7-276260105c75,Antigravity IDE.exe,,Antigravity IDE,macro,0,0,0,5,0,0,28.0,13933.25,0,0,1786711244.1418552,0,0,0,0,0,{}
74054,ea8b1d32-6645-4ae3-8ca7-276260105c75,Antigravity IDE.exe,,Antigravity IDE,macro,0,0,0,5,0,0,14.9,13951.3359375,0,0,1786711239.1017141,0,0,0,0,0,{}
74053,ea8b1d32-6645-4ae3-8ca7-276260105c75,Antigravity IDE.exe,,Antigravity IDE,macro,0,0,0,5,0,0,19.6,13951.921875,0,0,1786711234.0440476,0,0,0,0,0,{}
74052,ea8b1d32-6645-4ae3-8ca7-276260105c75,Antigravity IDE.exe,,Antigravity IDE,macro,0,0,0,5,0,0,25.3,13925.00390625,0,0,1786711228.985461,0,0,0,0,0,{}
74051,ea8b1d32-6645-4ae3-8ca7-276260105c75,Antigravity IDE.exe,,Antigravity IDE,macro,0,0,0,5,0,0,23.9,13983.86328125,0,0,1786711223.9389632,0,0,0,0,0,{}
74050,ea8b1d32-6645-4ae3-8ca7-276260105c75,Antigravity IDE.exe,,Antigravity IDE,macro,0,0,0,5,0,0,15.9,13943.98828125,0,0,1786711218.8850036,0,0,0,0,0,{}
74049,ea8b1d32-6645-4ae3-8ca7-276260105c75,Antigravity IDE.exe,,Antigravity IDE,macro,0,0,0,5,0,0,16.7,13919.015625,0,0,1786711213.8501887,0,0,0,0,0,{}
74048,ea8b1d32-6645-4ae3-8ca7-276260105c75,Antigravity IDE.exe,,Antigravity IDE,macro,0,0,0,5,0,0,17.3,13967.546875,0,0,1786711208.8335257,0,0,0,0,0,{}
74047,ea8b1d32-6645-4ae3-8ca7-276260105c75,Antigravity IDE.exe,,Antigravity IDE,macro,0,0,0,5,0,0,18.5,13970.78515625,0,0,1786711203.7760723,0,0,0,0,0,{}
74046,ea8b1d32-6645-4ae3-8ca7-276260105c75,Antigravity IDE.exe,,Antigravity IDE,macro,0,0,0,5,0,0,20.5,13959.46875,0,0,1786711198.7366652,0,0,0,0,0,{}
74045,ea8b1d32-6645-4ae3-8ca7-276260105c75,Antigravity IDE.exe,,Antigravity IDE,macro,0,0,0,5,0,0,17.8,14042.35546875,0,0,1786711193.7093186,0,0,0,0,0,{}
74044,ea8b1d32-6645-4ae3-8ca7-276260105c75,Antigravity IDE.exe,,Antigravity IDE,macro,0,0,0,5,0,0,21.2,14069.6484375,0,0,1786711188.6719098,0,0,0,0,0,{}
74043,ea8b1d32-6645-4ae3-8ca7-276260105c75,Antigravity IDE.exe,,Antigravity IDE,macro,0,0,0,5,0,0,18.0,14040.97265625,0,0,1786711183.6330357,0,0,0,0,0,{}
74042,ea8b1d32-6645-4ae3-8ca7-276260105c75,Antigravity IDE.exe,,Antigravity IDE,macro,0,0,0,5,0,0,18.2,14072.37109375,0,0,1786711178.5906134,0,0,0,0,0,{}
74041,ea8b1d32-6645-4ae3-8ca7-276260105c75,Antigravity IDE.exe,,Antigravity IDE,macro,0,0,0,5,0,0,20.3,14054.578125,0,0,1786711173.5482748,0,0,0,0,0,{}
